2025-03-10 13:39:37 11020 [Note] Plugin 'FEDERATED' is disabled.
2025-03-10 13:39:38 11020 [Note] InnoDB: The InnoDB memory heap is disabled
2025-03-10 13:39:38 11020 [Note] InnoDB: Mutexes and rw_locks use Windows interlocked functions
2025-03-10 13:39:38 11020 [Note] InnoDB: Compressed tables use zlib 1.2.3
2025-03-10 13:39:38 11020 [Note] InnoDB: Not using CPU crc32 instructions
2025-03-10 13:39:39 11020 [Note] InnoDB: Initializing buffer pool, size = 128.0M
2025-03-10 13:39:39 11020 [Note] InnoDB: Completed initialization of buffer pool
2025-03-10 13:39:39 11020 [Note] InnoDB: Highest supported file format is Barracuda.
2025-03-10 13:39:39 11020 [Note] InnoDB: The log sequence numbers 1626134 and 1626134 in ibdata files do not match the log sequence number 1897577 in the ib_logfiles!
2025-03-10 13:39:39 11020 [Note] InnoDB: Database was not shutdown normally!
2025-03-10 13:39:39 11020 [Note] InnoDB: Starting crash recovery.
2025-03-10 13:39:39 11020 [Note] InnoDB: Reading tablespace information from the .ibd files...
2025-03-10 13:39:40 11020 [Note] InnoDB: Restoring possible half-written data pages 
2025-03-10 13:39:40 11020 [Note] InnoDB: from the doublewrite buffer...
2025-03-10 13:39:48 11020 [ERROR] InnoDB: Table aula1/alunos in the InnoDB data dictionary has tablespace id 10, but tablespace with that id or name does not exist. Have you deleted or moved .ibd files? This may also be a table created with CREATE TEMPORARY TABLE whose .ibd and .frm files MySQL automatically removed, but the table still exists in the InnoDB internal data dictionary.
InnoDB: Please refer to
InnoDB: http://dev.mysql.com/doc/refman/5.6/en/innodb-troubleshooting-datadict.html
InnoDB: for how to resolve the issue.
2025-03-10 13:39:48 a20  InnoDB: Error: table 'cadastro_2dsm/tb_cadastro'
InnoDB: in InnoDB data dictionary has tablespace id 20,
InnoDB: but a tablespace with that id does not exist. There is
InnoDB: a tablespace of name cadastro_2dsm/tb_cadastro and id 25, though. Have
InnoDB: you deleted or moved .ibd files?
InnoDB: Please refer to
InnoDB: http://dev.mysql.com/doc/refman/5.6/en/innodb-troubleshooting-datadict.html
InnoDB: for how to resolve the issue.
2025-03-10 13:39:48 11020 [ERROR] InnoDB: Table cadastro_adsva4/tb_cadastro in the InnoDB data dictionary has tablespace id 17, but tablespace with that id or name does not exist. Have you deleted or moved .ibd files? This may also be a table created with CREATE TEMPORARY TABLE whose .ibd and .frm files MySQL automatically removed, but the table still exists in the InnoDB internal data dictionary.
InnoDB: Please refer to
InnoDB: http://dev.mysql.com/doc/refman/5.6/en/innodb-troubleshooting-datadict.html
InnoDB: for how to resolve the issue.
2025-03-10 13:39:48 11020 [ERROR] InnoDB: Table cadastro_dsm/tb_login in the InnoDB data dictionary has tablespace id 19, but tablespace with that id or name does not exist. Have you deleted or moved .ibd files? This may also be a table created with CREATE TEMPORARY TABLE whose .ibd and .frm files MySQL automatically removed, but the table still exists in the InnoDB internal data dictionary.
InnoDB: Please refer to
InnoDB: http://dev.mysql.com/doc/refman/5.6/en/innodb-troubleshooting-datadict.html
InnoDB: for how to resolve the issue.
2025-03-10 13:39:48 11020 [ERROR] InnoDB: Table cliente/fornecedor in the InnoDB data dictionary has tablespace id 8, but tablespace with that id or name does not exist. Have you deleted or moved .ibd files? This may also be a table created with CREATE TEMPORARY TABLE whose .ibd and .frm files MySQL automatically removed, but the table still exists in the InnoDB internal data dictionary.
InnoDB: Please refer to
InnoDB: http://dev.mysql.com/doc/refman/5.6/en/innodb-troubleshooting-datadict.html
InnoDB: for how to resolve the issue.
2025-03-10 13:39:48 11020 [ERROR] InnoDB: Table cliente/funcionario in the InnoDB data dictionary has tablespace id 13, but tablespace with that id or name does not exist. Have you deleted or moved .ibd files? This may also be a table created with CREATE TEMPORARY TABLE whose .ibd and .frm files MySQL automatically removed, but the table still exists in the InnoDB internal data dictionary.
InnoDB: Please refer to
InnoDB: http://dev.mysql.com/doc/refman/5.6/en/innodb-troubleshooting-datadict.html
InnoDB: for how to resolve the issue.
2025-03-10 13:39:48 11020 [ERROR] InnoDB: Table cliente/produto in the InnoDB data dictionary has tablespace id 12, but tablespace with that id or name does not exist. Have you deleted or moved .ibd files? This may also be a table created with CREATE TEMPORARY TABLE whose .ibd and .frm files MySQL automatically removed, but the table still exists in the InnoDB internal data dictionary.
InnoDB: Please refer to
InnoDB: http://dev.mysql.com/doc/refman/5.6/en/innodb-troubleshooting-datadict.html
InnoDB: for how to resolve the issue.
2025-03-10 13:39:48 11020 [ERROR] InnoDB: Table cliente/vendas in the InnoDB data dictionary has tablespace id 11, but tablespace with that id or name does not exist. Have you deleted or moved .ibd files? This may also be a table created with CREATE TEMPORARY TABLE whose .ibd and .frm files MySQL automatically removed, but the table still exists in the InnoDB internal data dictionary.
InnoDB: Please refer to
InnoDB: http://dev.mysql.com/doc/refman/5.6/en/innodb-troubleshooting-datadict.html
InnoDB: for how to resolve the issue.
2025-03-10 13:39:48 11020 [ERROR] InnoDB: Table cliente1/alunos in the InnoDB data dictionary has tablespace id 14, but tablespace with that id or name does not exist. Have you deleted or moved .ibd files? This may also be a table created with CREATE TEMPORARY TABLE whose .ibd and .frm files MySQL automatically removed, but the table still exists in the InnoDB internal data dictionary.
InnoDB: Please refer to
InnoDB: http://dev.mysql.com/doc/refman/5.6/en/innodb-troubleshooting-datadict.html
InnoDB: for how to resolve the issue.
2025-03-10 13:39:48 11020 [ERROR] InnoDB: Table dsm_cadastro/tb_cadastro in the InnoDB data dictionary has tablespace id 21, but tablespace with that id or name does not exist. Have you deleted or moved .ibd files? This may also be a table created with CREATE TEMPORARY TABLE whose .ibd and .frm files MySQL automatically removed, but the table still exists in the InnoDB internal data dictionary.
InnoDB: Please refer to
InnoDB: http://dev.mysql.com/doc/refman/5.6/en/innodb-troubleshooting-datadict.html
InnoDB: for how to resolve the issue.
2025-03-10 13:39:48 11020 [ERROR] InnoDB: Table escola/alunos in the InnoDB data dictionary has tablespace id 15, but tablespace with that id or name does not exist. Have you deleted or moved .ibd files? This may also be a table created with CREATE TEMPORARY TABLE whose .ibd and .frm files MySQL automatically removed, but the table still exists in the InnoDB internal data dictionary.
InnoDB: Please refer to
InnoDB: http://dev.mysql.com/doc/refman/5.6/en/innodb-troubleshooting-datadict.html
InnoDB: for how to resolve the issue.
2025-03-10 13:39:48 11020 [ERROR] InnoDB: Table escola/funcionarios in the InnoDB data dictionary has tablespace id 16, but tablespace with that id or name does not exist. Have you deleted or moved .ibd files? This may also be a table created with CREATE TEMPORARY TABLE whose .ibd and .frm files MySQL automatically removed, but the table still exists in the InnoDB internal data dictionary.
InnoDB: Please refer to
InnoDB: http://dev.mysql.com/doc/refman/5.6/en/innodb-troubleshooting-datadict.html
InnoDB: for how to resolve the issue.
2025-03-10 13:39:48 11020 [ERROR] InnoDB: Table israel/tb_israel in the InnoDB data dictionary has tablespace id 22, but tablespace with that id or name does not exist. Have you deleted or moved .ibd files? This may also be a table created with CREATE TEMPORARY TABLE whose .ibd and .frm files MySQL automatically removed, but the table still exists in the InnoDB internal data dictionary.
InnoDB: Please refer to
InnoDB: http://dev.mysql.com/doc/refman/5.6/en/innodb-troubleshooting-datadict.html
InnoDB: for how to resolve the issue.
2025-03-10 13:39:48 11020 [Note] InnoDB: 128 rollback segment(s) are active.
2025-03-10 13:39:48 11020 [Note] InnoDB: Waiting for purge to start
2025-03-10 13:39:48 11020 [ERROR] InnoDB: Failed to find tablespace for table '"cadastro_dsm"."tb_login"' in the cache. Attempting to load the tablespace with space id 19.
2025-03-10 13:39:48 9a0  InnoDB: Operating system error number 3 in a file operation.
InnoDB: The error means the system cannot find the path specified.
2025-03-10 13:39:48 11020 [ERROR] InnoDB: Could not find a valid tablespace file for 'cadastro_dsm/tb_login'. See http://dev.mysql.com/doc/refman/5.6/en/innodb-troubleshooting-datadict.html for how to resolve the issue.
2025-03-10 13:39:48 11020 [ERROR] InnoDB: Failed to find tablespace for table '"cadastro_adsva4"."tb_cadastro"' in the cache. Attempting to load the tablespace with space id 17.
2025-03-10 13:39:48 9a0  InnoDB: Operating system error number 3 in a file operation.
InnoDB: The error means the system cannot find the path specified.
2025-03-10 13:39:48 11020 [ERROR] InnoDB: Could not find a valid tablespace file for 'cadastro_adsva4/tb_cadastro'. See http://dev.mysql.com/doc/refman/5.6/en/innodb-troubleshooting-datadict.html for how to resolve the issue.
2025-03-10 13:39:48 11020 [Note] InnoDB: 5.6.13 started; log sequence number 1897577
2025-03-10 13:39:48 11020 [Note] Server hostname (bind-address): '*'; port: 3307
2025-03-10 13:39:48 11020 [Note] IPv6 is available.
2025-03-10 13:39:48 11020 [Note]   - '::' resolves to '::';
2025-03-10 13:39:48 11020 [Note] Server socket created on IP: '::'.
2025-03-10 17:23:29 5016 [Note] Plugin 'FEDERATED' is disabled.
2025-03-10 17:23:29 5016 [Note] InnoDB: The InnoDB memory heap is disabled
2025-03-10 17:23:29 5016 [Note] InnoDB: Mutexes and rw_locks use Windows interlocked functions
2025-03-10 17:23:29 5016 [Note] InnoDB: Compressed tables use zlib 1.2.3
2025-03-10 17:23:29 5016 [Note] InnoDB: Not using CPU crc32 instructions
2025-03-10 17:23:29 5016 [Note] InnoDB: Initializing buffer pool, size = 128.0M
2025-03-10 17:23:29 5016 [Note] InnoDB: Completed initialization of buffer pool
2025-03-10 17:23:29 5016 [Note] InnoDB: Highest supported file format is Barracuda.
2025-03-10 17:23:30 5016 [Note] InnoDB: The log sequence numbers 1626134 and 1626134 in ibdata files do not match the log sequence number 1897587 in the ib_logfiles!
2025-03-10 17:23:30 5016 [Note] InnoDB: Database was not shutdown normally!
2025-03-10 17:23:30 5016 [Note] InnoDB: Starting crash recovery.
2025-03-10 17:23:30 5016 [Note] InnoDB: Reading tablespace information from the .ibd files...
2025-03-10 17:23:31 5016 [Note] InnoDB: Restoring possible half-written data pages 
2025-03-10 17:23:31 5016 [Note] InnoDB: from the doublewrite buffer...
2025-03-10 17:23:38 5016 [ERROR] InnoDB: Table aula1/alunos in the InnoDB data dictionary has tablespace id 10, but tablespace with that id or name does not exist. Have you deleted or moved .ibd files? This may also be a table created with CREATE TEMPORARY TABLE whose .ibd and .frm files MySQL automatically removed, but the table still exists in the InnoDB internal data dictionary.
InnoDB: Please refer to
InnoDB: http://dev.mysql.com/doc/refman/5.6/en/innodb-troubleshooting-datadict.html
InnoDB: for how to resolve the issue.
2025-03-10 17:23:38 19f0  InnoDB: Error: table 'cadastro_2dsm/tb_cadastro'
InnoDB: in InnoDB data dictionary has tablespace id 20,
InnoDB: but a tablespace with that id does not exist. There is
InnoDB: a tablespace of name cadastro_2dsm/tb_cadastro and id 25, though. Have
InnoDB: you deleted or moved .ibd files?
InnoDB: Please refer to
InnoDB: http://dev.mysql.com/doc/refman/5.6/en/innodb-troubleshooting-datadict.html
InnoDB: for how to resolve the issue.
2025-03-10 17:23:38 5016 [ERROR] InnoDB: Table cadastro_adsva4/tb_cadastro in the InnoDB data dictionary has tablespace id 17, but tablespace with that id or name does not exist. Have you deleted or moved .ibd files? This may also be a table created with CREATE TEMPORARY TABLE whose .ibd and .frm files MySQL automatically removed, but the table still exists in the InnoDB internal data dictionary.
InnoDB: Please refer to
InnoDB: http://dev.mysql.com/doc/refman/5.6/en/innodb-troubleshooting-datadict.html
InnoDB: for how to resolve the issue.
2025-03-10 17:23:38 5016 [ERROR] InnoDB: Table cadastro_dsm/tb_login in the InnoDB data dictionary has tablespace id 19, but tablespace with that id or name does not exist. Have you deleted or moved .ibd files? This may also be a table created with CREATE TEMPORARY TABLE whose .ibd and .frm files MySQL automatically removed, but the table still exists in the InnoDB internal data dictionary.
InnoDB: Please refer to
InnoDB: http://dev.mysql.com/doc/refman/5.6/en/innodb-troubleshooting-datadict.html
InnoDB: for how to resolve the issue.
2025-03-10 17:23:38 5016 [ERROR] InnoDB: Table cliente/fornecedor in the InnoDB data dictionary has tablespace id 8, but tablespace with that id or name does not exist. Have you deleted or moved .ibd files? This may also be a table created with CREATE TEMPORARY TABLE whose .ibd and .frm files MySQL automatically removed, but the table still exists in the InnoDB internal data dictionary.
InnoDB: Please refer to
InnoDB: http://dev.mysql.com/doc/refman/5.6/en/innodb-troubleshooting-datadict.html
InnoDB: for how to resolve the issue.
2025-03-10 17:23:38 5016 [ERROR] InnoDB: Table cliente/funcionario in the InnoDB data dictionary has tablespace id 13, but tablespace with that id or name does not exist. Have you deleted or moved .ibd files? This may also be a table created with CREATE TEMPORARY TABLE whose .ibd and .frm files MySQL automatically removed, but the table still exists in the InnoDB internal data dictionary.
InnoDB: Please refer to
InnoDB: http://dev.mysql.com/doc/refman/5.6/en/innodb-troubleshooting-datadict.html
InnoDB: for how to resolve the issue.
2025-03-10 17:23:38 5016 [ERROR] InnoDB: Table cliente/produto in the InnoDB data dictionary has tablespace id 12, but tablespace with that id or name does not exist. Have you deleted or moved .ibd files? This may also be a table created with CREATE TEMPORARY TABLE whose .ibd and .frm files MySQL automatically removed, but the table still exists in the InnoDB internal data dictionary.
InnoDB: Please refer to
InnoDB: http://dev.mysql.com/doc/refman/5.6/en/innodb-troubleshooting-datadict.html
InnoDB: for how to resolve the issue.
2025-03-10 17:23:38 5016 [ERROR] InnoDB: Table cliente/vendas in the InnoDB data dictionary has tablespace id 11, but tablespace with that id or name does not exist. Have you deleted or moved .ibd files? This may also be a table created with CREATE TEMPORARY TABLE whose .ibd and .frm files MySQL automatically removed, but the table still exists in the InnoDB internal data dictionary.
InnoDB: Please refer to
InnoDB: http://dev.mysql.com/doc/refman/5.6/en/innodb-troubleshooting-datadict.html
InnoDB: for how to resolve the issue.
2025-03-10 17:23:38 5016 [ERROR] InnoDB: Table cliente1/alunos in the InnoDB data dictionary has tablespace id 14, but tablespace with that id or name does not exist. Have you deleted or moved .ibd files? This may also be a table created with CREATE TEMPORARY TABLE whose .ibd and .frm files MySQL automatically removed, but the table still exists in the InnoDB internal data dictionary.
InnoDB: Please refer to
InnoDB: http://dev.mysql.com/doc/refman/5.6/en/innodb-troubleshooting-datadict.html
InnoDB: for how to resolve the issue.
2025-03-10 17:23:38 5016 [ERROR] InnoDB: Table dsm_cadastro/tb_cadastro in the InnoDB data dictionary has tablespace id 21, but tablespace with that id or name does not exist. Have you deleted or moved .ibd files? This may also be a table created with CREATE TEMPORARY TABLE whose .ibd and .frm files MySQL automatically removed, but the table still exists in the InnoDB internal data dictionary.
InnoDB: Please refer to
InnoDB: http://dev.mysql.com/doc/refman/5.6/en/innodb-troubleshooting-datadict.html
InnoDB: for how to resolve the issue.
2025-03-10 17:23:38 5016 [ERROR] InnoDB: Table escola/alunos in the InnoDB data dictionary has tablespace id 15, but tablespace with that id or name does not exist. Have you deleted or moved .ibd files? This may also be a table created with CREATE TEMPORARY TABLE whose .ibd and .frm files MySQL automatically removed, but the table still exists in the InnoDB internal data dictionary.
InnoDB: Please refer to
InnoDB: http://dev.mysql.com/doc/refman/5.6/en/innodb-troubleshooting-datadict.html
InnoDB: for how to resolve the issue.
2025-03-10 17:23:38 5016 [ERROR] InnoDB: Table escola/funcionarios in the InnoDB data dictionary has tablespace id 16, but tablespace with that id or name does not exist. Have you deleted or moved .ibd files? This may also be a table created with CREATE TEMPORARY TABLE whose .ibd and .frm files MySQL automatically removed, but the table still exists in the InnoDB internal data dictionary.
InnoDB: Please refer to
InnoDB: http://dev.mysql.com/doc/refman/5.6/en/innodb-troubleshooting-datadict.html
InnoDB: for how to resolve the issue.
2025-03-10 17:23:38 5016 [ERROR] InnoDB: Table israel/tb_israel in the InnoDB data dictionary has tablespace id 22, but tablespace with that id or name does not exist. Have you deleted or moved .ibd files? This may also be a table created with CREATE TEMPORARY TABLE whose .ibd and .frm files MySQL automatically removed, but the table still exists in the InnoDB internal data dictionary.
InnoDB: Please refer to
InnoDB: http://dev.mysql.com/doc/refman/5.6/en/innodb-troubleshooting-datadict.html
InnoDB: for how to resolve the issue.
2025-03-10 17:23:38 5016 [Note] InnoDB: 128 rollback segment(s) are active.
2025-03-10 17:23:38 5016 [Note] InnoDB: Waiting for purge to start
2025-03-10 17:23:38 5016 [ERROR] InnoDB: Failed to find tablespace for table '"cadastro_dsm"."tb_login"' in the cache. Attempting to load the tablespace with space id 19.
2025-03-10 17:23:38 1cc0  InnoDB: Operating system error number 3 in a file operation.
InnoDB: The error means the system cannot find the path specified.
2025-03-10 17:23:38 5016 [ERROR] InnoDB: Could not find a valid tablespace file for 'cadastro_dsm/tb_login'. See http://dev.mysql.com/doc/refman/5.6/en/innodb-troubleshooting-datadict.html for how to resolve the issue.
2025-03-10 17:23:38 5016 [ERROR] InnoDB: Failed to find tablespace for table '"cadastro_adsva4"."tb_cadastro"' in the cache. Attempting to load the tablespace with space id 17.
2025-03-10 17:23:38 1cc0  InnoDB: Operating system error number 3 in a file operation.
InnoDB: The error means the system cannot find the path specified.
2025-03-10 17:23:38 5016 [ERROR] InnoDB: Could not find a valid tablespace file for 'cadastro_adsva4/tb_cadastro'. See http://dev.mysql.com/doc/refman/5.6/en/innodb-troubleshooting-datadict.html for how to resolve the issue.
2025-03-10 17:23:38 5016 [Note] InnoDB: 5.6.13 started; log sequence number 1897587
2025-03-10 17:23:38 5016 [Note] Server hostname (bind-address): '*'; port: 3307
2025-03-10 17:23:38 5016 [Note] IPv6 is available.
2025-03-10 17:23:38 5016 [Note]   - '::' resolves to '::';
2025-03-10 17:23:38 5016 [Note] Server socket created on IP: '::'.
2025-03-11 17:15:31 1304 [Note] Plugin 'FEDERATED' is disabled.
2025-03-11 17:15:32 1304 [Note] InnoDB: The InnoDB memory heap is disabled
2025-03-11 17:15:32 1304 [Note] InnoDB: Mutexes and rw_locks use Windows interlocked functions
2025-03-11 17:15:32 1304 [Note] InnoDB: Compressed tables use zlib 1.2.3
2025-03-11 17:15:32 1304 [Note] InnoDB: Not using CPU crc32 instructions
2025-03-11 17:15:32 1304 [Note] InnoDB: Initializing buffer pool, size = 128.0M
2025-03-11 17:15:32 1304 [Note] InnoDB: Completed initialization of buffer pool
2025-03-11 17:15:33 1304 [Note] InnoDB: Highest supported file format is Barracuda.
2025-03-11 17:15:33 1304 [Note] InnoDB: The log sequence numbers 1626134 and 1626134 in ibdata files do not match the log sequence number 1912435 in the ib_logfiles!
2025-03-11 17:15:33 1304 [Note] InnoDB: Database was not shutdown normally!
2025-03-11 17:15:33 1304 [Note] InnoDB: Starting crash recovery.
2025-03-11 17:15:33 1304 [Note] InnoDB: Reading tablespace information from the .ibd files...
2025-03-11 17:15:34 1304 [Note] InnoDB: Restoring possible half-written data pages 
2025-03-11 17:15:34 1304 [Note] InnoDB: from the doublewrite buffer...
2025-03-11 17:15:43 1304 [ERROR] InnoDB: Table aula1/alunos in the InnoDB data dictionary has tablespace id 10, but tablespace with that id or name does not exist. Have you deleted or moved .ibd files? This may also be a table created with CREATE TEMPORARY TABLE whose .ibd and .frm files MySQL automatically removed, but the table still exists in the InnoDB internal data dictionary.
InnoDB: Please refer to
InnoDB: http://dev.mysql.com/doc/refman/5.6/en/innodb-troubleshooting-datadict.html
InnoDB: for how to resolve the issue.
2025-03-11 17:15:43 2380  InnoDB: Error: table 'cadastro_2dsm/tb_cadastro'
InnoDB: in InnoDB data dictionary has tablespace id 20,
InnoDB: but a tablespace with that id does not exist. There is
InnoDB: a tablespace of name cadastro_2dsm/tb_cadastro and id 25, though. Have
InnoDB: you deleted or moved .ibd files?
InnoDB: Please refer to
InnoDB: http://dev.mysql.com/doc/refman/5.6/en/innodb-troubleshooting-datadict.html
InnoDB: for how to resolve the issue.
2025-03-11 17:15:43 1304 [ERROR] InnoDB: Table cadastro_adsva4/tb_cadastro in the InnoDB data dictionary has tablespace id 17, but tablespace with that id or name does not exist. Have you deleted or moved .ibd files? This may also be a table created with CREATE TEMPORARY TABLE whose .ibd and .frm files MySQL automatically removed, but the table still exists in the InnoDB internal data dictionary.
InnoDB: Please refer to
InnoDB: http://dev.mysql.com/doc/refman/5.6/en/innodb-troubleshooting-datadict.html
InnoDB: for how to resolve the issue.
2025-03-11 17:15:43 1304 [ERROR] InnoDB: Table cadastro_dsm/tb_login in the InnoDB data dictionary has tablespace id 19, but tablespace with that id or name does not exist. Have you deleted or moved .ibd files? This may also be a table created with CREATE TEMPORARY TABLE whose .ibd and .frm files MySQL automatically removed, but the table still exists in the InnoDB internal data dictionary.
InnoDB: Please refer to
InnoDB: http://dev.mysql.com/doc/refman/5.6/en/innodb-troubleshooting-datadict.html
InnoDB: for how to resolve the issue.
2025-03-11 17:15:43 1304 [ERROR] InnoDB: Table cliente/fornecedor in the InnoDB data dictionary has tablespace id 8, but tablespace with that id or name does not exist. Have you deleted or moved .ibd files? This may also be a table created with CREATE TEMPORARY TABLE whose .ibd and .frm files MySQL automatically removed, but the table still exists in the InnoDB internal data dictionary.
InnoDB: Please refer to
InnoDB: http://dev.mysql.com/doc/refman/5.6/en/innodb-troubleshooting-datadict.html
InnoDB: for how to resolve the issue.
2025-03-11 17:15:43 1304 [ERROR] InnoDB: Table cliente/funcionario in the InnoDB data dictionary has tablespace id 13, but tablespace with that id or name does not exist. Have you deleted or moved .ibd files? This may also be a table created with CREATE TEMPORARY TABLE whose .ibd and .frm files MySQL automatically removed, but the table still exists in the InnoDB internal data dictionary.
InnoDB: Please refer to
InnoDB: http://dev.mysql.com/doc/refman/5.6/en/innodb-troubleshooting-datadict.html
InnoDB: for how to resolve the issue.
2025-03-11 17:15:43 1304 [ERROR] InnoDB: Table cliente/produto in the InnoDB data dictionary has tablespace id 12, but tablespace with that id or name does not exist. Have you deleted or moved .ibd files? This may also be a table created with CREATE TEMPORARY TABLE whose .ibd and .frm files MySQL automatically removed, but the table still exists in the InnoDB internal data dictionary.
InnoDB: Please refer to
InnoDB: http://dev.mysql.com/doc/refman/5.6/en/innodb-troubleshooting-datadict.html
InnoDB: for how to resolve the issue.
2025-03-11 17:15:43 1304 [ERROR] InnoDB: Table cliente/vendas in the InnoDB data dictionary has tablespace id 11, but tablespace with that id or name does not exist. Have you deleted or moved .ibd files? This may also be a table created with CREATE TEMPORARY TABLE whose .ibd and .frm files MySQL automatically removed, but the table still exists in the InnoDB internal data dictionary.
InnoDB: Please refer to
InnoDB: http://dev.mysql.com/doc/refman/5.6/en/innodb-troubleshooting-datadict.html
InnoDB: for how to resolve the issue.
2025-03-11 17:15:43 1304 [ERROR] InnoDB: Table cliente1/alunos in the InnoDB data dictionary has tablespace id 14, but tablespace with that id or name does not exist. Have you deleted or moved .ibd files? This may also be a table created with CREATE TEMPORARY TABLE whose .ibd and .frm files MySQL automatically removed, but the table still exists in the InnoDB internal data dictionary.
InnoDB: Please refer to
InnoDB: http://dev.mysql.com/doc/refman/5.6/en/innodb-troubleshooting-datadict.html
InnoDB: for how to resolve the issue.
2025-03-11 17:15:43 1304 [ERROR] InnoDB: Table dsm_cadastro/tb_cadastro in the InnoDB data dictionary has tablespace id 21, but tablespace with that id or name does not exist. Have you deleted or moved .ibd files? This may also be a table created with CREATE TEMPORARY TABLE whose .ibd and .frm files MySQL automatically removed, but the table still exists in the InnoDB internal data dictionary.
InnoDB: Please refer to
InnoDB: http://dev.mysql.com/doc/refman/5.6/en/innodb-troubleshooting-datadict.html
InnoDB: for how to resolve the issue.
2025-03-11 17:15:43 1304 [ERROR] InnoDB: Table escola/alunos in the InnoDB data dictionary has tablespace id 15, but tablespace with that id or name does not exist. Have you deleted or moved .ibd files? This may also be a table created with CREATE TEMPORARY TABLE whose .ibd and .frm files MySQL automatically removed, but the table still exists in the InnoDB internal data dictionary.
InnoDB: Please refer to
InnoDB: http://dev.mysql.com/doc/refman/5.6/en/innodb-troubleshooting-datadict.html
InnoDB: for how to resolve the issue.
2025-03-11 17:15:43 1304 [ERROR] InnoDB: Table escola/funcionarios in the InnoDB data dictionary has tablespace id 16, but tablespace with that id or name does not exist. Have you deleted or moved .ibd files? This may also be a table created with CREATE TEMPORARY TABLE whose .ibd and .frm files MySQL automatically removed, but the table still exists in the InnoDB internal data dictionary.
InnoDB: Please refer to
InnoDB: http://dev.mysql.com/doc/refman/5.6/en/innodb-troubleshooting-datadict.html
InnoDB: for how to resolve the issue.
2025-03-11 17:15:43 1304 [ERROR] InnoDB: Table israel/tb_israel in the InnoDB data dictionary has tablespace id 22, but tablespace with that id or name does not exist. Have you deleted or moved .ibd files? This may also be a table created with CREATE TEMPORARY TABLE whose .ibd and .frm files MySQL automatically removed, but the table still exists in the InnoDB internal data dictionary.
InnoDB: Please refer to
InnoDB: http://dev.mysql.com/doc/refman/5.6/en/innodb-troubleshooting-datadict.html
InnoDB: for how to resolve the issue.
2025-03-11 17:15:43 1304 [Note] InnoDB: 128 rollback segment(s) are active.
2025-03-11 17:15:43 1304 [Note] InnoDB: Waiting for purge to start
2025-03-11 17:15:43 1304 [ERROR] InnoDB: Failed to find tablespace for table '"cadastro_dsm"."tb_login"' in the cache. Attempting to load the tablespace with space id 19.
2025-03-11 17:15:43 3484  InnoDB: Operating system error number 3 in a file operation.
InnoDB: The error means the system cannot find the path specified.
2025-03-11 17:15:43 1304 [ERROR] InnoDB: Could not find a valid tablespace file for 'cadastro_dsm/tb_login'. See http://dev.mysql.com/doc/refman/5.6/en/innodb-troubleshooting-datadict.html for how to resolve the issue.
2025-03-11 17:15:43 1304 [Note] InnoDB: 5.6.13 started; log sequence number 1912435
2025-03-11 17:15:43 1304 [ERROR] InnoDB: Failed to find tablespace for table '"cadastro_adsva4"."tb_cadastro"' in the cache. Attempting to load the tablespace with space id 17.
2025-03-11 17:15:43 3484  InnoDB: Operating system error number 3 in a file operation.
InnoDB: The error means the system cannot find the path specified.
2025-03-11 17:15:43 1304 [ERROR] InnoDB: Could not find a valid tablespace file for 'cadastro_adsva4/tb_cadastro'. See http://dev.mysql.com/doc/refman/5.6/en/innodb-troubleshooting-datadict.html for how to resolve the issue.
2025-03-11 17:15:44 1304 [Note] Server hostname (bind-address): '*'; port: 3307
2025-03-11 17:15:44 1304 [Note] IPv6 is available.
2025-03-11 17:15:44 1304 [Note]   - '::' resolves to '::';
2025-03-11 17:15:44 1304 [Note] Server socket created on IP: '::'.
2025-03-25 13:49:06 9024 [Note] Plugin 'FEDERATED' is disabled.
2025-03-25 13:49:07 9024 [Note] InnoDB: The InnoDB memory heap is disabled
2025-03-25 13:49:07 9024 [Note] InnoDB: Mutexes and rw_locks use Windows interlocked functions
2025-03-25 13:49:07 9024 [Note] InnoDB: Compressed tables use zlib 1.2.3
2025-03-25 13:49:08 9024 [Note] InnoDB: Not using CPU crc32 instructions
2025-03-25 13:49:08 9024 [Note] InnoDB: Initializing buffer pool, size = 128.0M
2025-03-25 13:49:08 9024 [Note] InnoDB: Completed initialization of buffer pool
2025-03-25 13:49:08 9024 [Note] InnoDB: Highest supported file format is Barracuda.
2025-03-25 13:49:08 9024 [Note] InnoDB: The log sequence numbers 1626134 and 1626134 in ibdata files do not match the log sequence number 1912445 in the ib_logfiles!
2025-03-25 13:49:08 9024 [Note] InnoDB: Database was not shutdown normally!
2025-03-25 13:49:08 9024 [Note] InnoDB: Starting crash recovery.
2025-03-25 13:49:08 9024 [Note] InnoDB: Reading tablespace information from the .ibd files...
2025-03-25 13:49:09 9024 [Note] InnoDB: Restoring possible half-written data pages 
2025-03-25 13:49:09 9024 [Note] InnoDB: from the doublewrite buffer...
2025-03-25 14:06:41 324 [Note] Plugin 'FEDERATED' is disabled.
2025-03-25 14:06:42 324 [Note] InnoDB: The InnoDB memory heap is disabled
2025-03-25 14:06:42 324 [Note] InnoDB: Mutexes and rw_locks use Windows interlocked functions
2025-03-25 14:06:42 324 [Note] InnoDB: Compressed tables use zlib 1.2.3
2025-03-25 14:06:42 324 [Note] InnoDB: Not using CPU crc32 instructions
2025-03-25 14:06:42 324 [Note] InnoDB: Initializing buffer pool, size = 128.0M
2025-03-25 14:06:42 324 [Note] InnoDB: Completed initialization of buffer pool
2025-03-25 14:06:43 324 [Note] InnoDB: Highest supported file format is Barracuda.
2025-03-25 14:06:43 324 [Note] InnoDB: The log sequence numbers 1626134 and 1626134 in ibdata files do not match the log sequence number 1912445 in the ib_logfiles!
2025-03-25 14:06:43 324 [Note] InnoDB: Database was not shutdown normally!
2025-03-25 14:06:43 324 [Note] InnoDB: Starting crash recovery.
2025-03-25 14:06:43 324 [Note] InnoDB: Reading tablespace information from the .ibd files...
2025-03-25 14:06:44 324 [Note] InnoDB: Restoring possible half-written data pages 
2025-03-25 14:06:44 324 [Note] InnoDB: from the doublewrite buffer...
2025-03-25 14:06:53 324 [ERROR] InnoDB: Table aula1/alunos in the InnoDB data dictionary has tablespace id 10, but tablespace with that id or name does not exist. Have you deleted or moved .ibd files? This may also be a table created with CREATE TEMPORARY TABLE whose .ibd and .frm files MySQL automatically removed, but the table still exists in the InnoDB internal data dictionary.
InnoDB: Please refer to
InnoDB: http://dev.mysql.com/doc/refman/5.6/en/innodb-troubleshooting-datadict.html
InnoDB: for how to resolve the issue.
2025-03-25 14:06:53 324 [ERROR] InnoDB: Table cadastro_2dsm/tb_cad in the InnoDB data dictionary has tablespace id 26, but tablespace with that id or name does not exist. Have you deleted or moved .ibd files? This may also be a table created with CREATE TEMPORARY TABLE whose .ibd and .frm files MySQL automatically removed, but the table still exists in the InnoDB internal data dictionary.
InnoDB: Please refer to
InnoDB: http://dev.mysql.com/doc/refman/5.6/en/innodb-troubleshooting-datadict.html
InnoDB: for how to resolve the issue.
2025-03-25 14:06:53 324 [ERROR] InnoDB: Table cadastro_2dsm/tb_cadastro in the InnoDB data dictionary has tablespace id 20, but tablespace with that id or name does not exist. Have you deleted or moved .ibd files? This may also be a table created with CREATE TEMPORARY TABLE whose .ibd and .frm files MySQL automatically removed, but the table still exists in the InnoDB internal data dictionary.
InnoDB: Please refer to
InnoDB: http://dev.mysql.com/doc/refman/5.6/en/innodb-troubleshooting-datadict.html
InnoDB: for how to resolve the issue.
2025-03-25 14:06:53 324 [ERROR] InnoDB: Table cadastro_adsva4/tb_cadastro in the InnoDB data dictionary has tablespace id 17, but tablespace with that id or name does not exist. Have you deleted or moved .ibd files? This may also be a table created with CREATE TEMPORARY TABLE whose .ibd and .frm files MySQL automatically removed, but the table still exists in the InnoDB internal data dictionary.
InnoDB: Please refer to
InnoDB: http://dev.mysql.com/doc/refman/5.6/en/innodb-troubleshooting-datadict.html
InnoDB: for how to resolve the issue.
2025-03-25 14:06:53 324 [ERROR] InnoDB: Table cadastro_clientes/tb_clientes in the InnoDB data dictionary has tablespace id 23, but tablespace with that id or name does not exist. Have you deleted or moved .ibd files? This may also be a table created with CREATE TEMPORARY TABLE whose .ibd and .frm files MySQL automatically removed, but the table still exists in the InnoDB internal data dictionary.
InnoDB: Please refer to
InnoDB: http://dev.mysql.com/doc/refman/5.6/en/innodb-troubleshooting-datadict.html
InnoDB: for how to resolve the issue.
2025-03-25 14:06:53 324 [ERROR] InnoDB: Table cadastro_contas/tb_login in the InnoDB data dictionary has tablespace id 27, but tablespace with that id or name does not exist. Have you deleted or moved .ibd files? This may also be a table created with CREATE TEMPORARY TABLE whose .ibd and .frm files MySQL automatically removed, but the table still exists in the InnoDB internal data dictionary.
InnoDB: Please refer to
InnoDB: http://dev.mysql.com/doc/refman/5.6/en/innodb-troubleshooting-datadict.html
InnoDB: for how to resolve the issue.
2025-03-25 14:06:53 324 [ERROR] InnoDB: Table cadastro_dsm/tb_login in the InnoDB data dictionary has tablespace id 19, but tablespace with that id or name does not exist. Have you deleted or moved .ibd files? This may also be a table created with CREATE TEMPORARY TABLE whose .ibd and .frm files MySQL automatically removed, but the table still exists in the InnoDB internal data dictionary.
InnoDB: Please refer to
InnoDB: http://dev.mysql.com/doc/refman/5.6/en/innodb-troubleshooting-datadict.html
InnoDB: for how to resolve the issue.
2025-03-25 14:06:53 324 [ERROR] InnoDB: Table cadastro_produtos/cad_produto in the InnoDB data dictionary has tablespace id 24, but tablespace with that id or name does not exist. Have you deleted or moved .ibd files? This may also be a table created with CREATE TEMPORARY TABLE whose .ibd and .frm files MySQL automatically removed, but the table still exists in the InnoDB internal data dictionary.
InnoDB: Please refer to
InnoDB: http://dev.mysql.com/doc/refman/5.6/en/innodb-troubleshooting-datadict.html
InnoDB: for how to resolve the issue.
2025-03-25 14:06:53 324 [ERROR] InnoDB: Table cliente/fornecedor in the InnoDB data dictionary has tablespace id 8, but tablespace with that id or name does not exist. Have you deleted or moved .ibd files? This may also be a table created with CREATE TEMPORARY TABLE whose .ibd and .frm files MySQL automatically removed, but the table still exists in the InnoDB internal data dictionary.
InnoDB: Please refer to
InnoDB: http://dev.mysql.com/doc/refman/5.6/en/innodb-troubleshooting-datadict.html
InnoDB: for how to resolve the issue.
2025-03-25 14:06:53 324 [ERROR] InnoDB: Table cliente/funcionario in the InnoDB data dictionary has tablespace id 13, but tablespace with that id or name does not exist. Have you deleted or moved .ibd files? This may also be a table created with CREATE TEMPORARY TABLE whose .ibd and .frm files MySQL automatically removed, but the table still exists in the InnoDB internal data dictionary.
InnoDB: Please refer to
InnoDB: http://dev.mysql.com/doc/refman/5.6/en/innodb-troubleshooting-datadict.html
InnoDB: for how to resolve the issue.
2025-03-25 14:06:53 324 [ERROR] InnoDB: Table cliente/produto in the InnoDB data dictionary has tablespace id 12, but tablespace with that id or name does not exist. Have you deleted or moved .ibd files? This may also be a table created with CREATE TEMPORARY TABLE whose .ibd and .frm files MySQL automatically removed, but the table still exists in the InnoDB internal data dictionary.
InnoDB: Please refer to
InnoDB: http://dev.mysql.com/doc/refman/5.6/en/innodb-troubleshooting-datadict.html
InnoDB: for how to resolve the issue.
2025-03-25 14:06:53 324 [ERROR] InnoDB: Table cliente/vendas in the InnoDB data dictionary has tablespace id 11, but tablespace with that id or name does not exist. Have you deleted or moved .ibd files? This may also be a table created with CREATE TEMPORARY TABLE whose .ibd and .frm files MySQL automatically removed, but the table still exists in the InnoDB internal data dictionary.
InnoDB: Please refer to
InnoDB: http://dev.mysql.com/doc/refman/5.6/en/innodb-troubleshooting-datadict.html
InnoDB: for how to resolve the issue.
2025-03-25 14:06:53 324 [ERROR] InnoDB: Table cliente1/alunos in the InnoDB data dictionary has tablespace id 14, but tablespace with that id or name does not exist. Have you deleted or moved .ibd files? This may also be a table created with CREATE TEMPORARY TABLE whose .ibd and .frm files MySQL automatically removed, but the table still exists in the InnoDB internal data dictionary.
InnoDB: Please refer to
InnoDB: http://dev.mysql.com/doc/refman/5.6/en/innodb-troubleshooting-datadict.html
InnoDB: for how to resolve the issue.
2025-03-25 14:06:53 324 [ERROR] InnoDB: Table dsm_cadastro/tb_cadastro in the InnoDB data dictionary has tablespace id 21, but tablespace with that id or name does not exist. Have you deleted or moved .ibd files? This may also be a table created with CREATE TEMPORARY TABLE whose .ibd and .frm files MySQL automatically removed, but the table still exists in the InnoDB internal data dictionary.
InnoDB: Please refer to
InnoDB: http://dev.mysql.com/doc/refman/5.6/en/innodb-troubleshooting-datadict.html
InnoDB: for how to resolve the issue.
2025-03-25 14:06:53 324 [ERROR] InnoDB: Table escola/alunos in the InnoDB data dictionary has tablespace id 15, but tablespace with that id or name does not exist. Have you deleted or moved .ibd files? This may also be a table created with CREATE TEMPORARY TABLE whose .ibd and .frm files MySQL automatically removed, but the table still exists in the InnoDB internal data dictionary.
InnoDB: Please refer to
InnoDB: http://dev.mysql.com/doc/refman/5.6/en/innodb-troubleshooting-datadict.html
InnoDB: for how to resolve the issue.
2025-03-25 14:06:53 324 [ERROR] InnoDB: Table escola/funcionarios in the InnoDB data dictionary has tablespace id 16, but tablespace with that id or name does not exist. Have you deleted or moved .ibd files? This may also be a table created with CREATE TEMPORARY TABLE whose .ibd and .frm files MySQL automatically removed, but the table still exists in the InnoDB internal data dictionary.
InnoDB: Please refer to
InnoDB: http://dev.mysql.com/doc/refman/5.6/en/innodb-troubleshooting-datadict.html
InnoDB: for how to resolve the issue.
2025-03-25 14:06:53 324 [ERROR] InnoDB: Table israel/tb_israel in the InnoDB data dictionary has tablespace id 22, but tablespace with that id or name does not exist. Have you deleted or moved .ibd files? This may also be a table created with CREATE TEMPORARY TABLE whose .ibd and .frm files MySQL automatically removed, but the table still exists in the InnoDB internal data dictionary.
InnoDB: Please refer to
InnoDB: http://dev.mysql.com/doc/refman/5.6/en/innodb-troubleshooting-datadict.html
InnoDB: for how to resolve the issue.
2025-03-25 14:06:53 324 [Note] InnoDB: 128 rollback segment(s) are active.
2025-03-25 14:06:53 324 [Note] InnoDB: Waiting for purge to start
2025-03-25 14:06:53 324 [ERROR] InnoDB: Failed to find tablespace for table '"cadastro_contas"."tb_login"' in the cache. Attempting to load the tablespace with space id 27.
2025-03-25 14:06:53 1644  InnoDB: Operating system error number 3 in a file operation.
InnoDB: The error means the system cannot find the path specified.
2025-03-25 14:06:53 324 [ERROR] InnoDB: Could not find a valid tablespace file for 'cadastro_contas/tb_login'. See http://dev.mysql.com/doc/refman/5.6/en/innodb-troubleshooting-datadict.html for how to resolve the issue.
2025-03-25 14:06:53 324 [ERROR] InnoDB: Failed to find tablespace for table '"cadastro_dsm"."tb_login"' in the cache. Attempting to load the tablespace with space id 19.
2025-03-25 14:06:53 1644  InnoDB: Operating system error number 3 in a file operation.
InnoDB: The error means the system cannot find the path specified.
2025-03-25 14:06:53 324 [ERROR] InnoDB: Could not find a valid tablespace file for 'cadastro_dsm/tb_login'. See http://dev.mysql.com/doc/refman/5.6/en/innodb-troubleshooting-datadict.html for how to resolve the issue.
2025-03-25 14:06:53 324 [ERROR] InnoDB: Failed to find tablespace for table '"cadastro_adsva4"."tb_cadastro"' in the cache. Attempting to load the tablespace with space id 17.
2025-03-25 14:06:53 1644  InnoDB: Operating system error number 3 in a file operation.
InnoDB: The error means the system cannot find the path specified.
2025-03-25 14:06:53 324 [ERROR] InnoDB: Could not find a valid tablespace file for 'cadastro_adsva4/tb_cadastro'. See http://dev.mysql.com/doc/refman/5.6/en/innodb-troubleshooting-datadict.html for how to resolve the issue.
2025-03-25 14:06:53 324 [Note] InnoDB: 5.6.13 started; log sequence number 1912445
2025-03-25 14:06:53 324 [Note] Server hostname (bind-address): '*'; port: 3307
2025-03-25 14:06:53 324 [Note] IPv6 is available.
2025-03-25 14:06:53 324 [Note]   - '::' resolves to '::';
2025-03-25 14:06:53 324 [Note] Server socket created on IP: '::'.
2025-03-25 14:09:51 292 [Note] Plugin 'FEDERATED' is disabled.
2025-03-25 14:09:51 292 [Note] InnoDB: The InnoDB memory heap is disabled
2025-03-25 14:09:51 292 [Note] InnoDB: Mutexes and rw_locks use Windows interlocked functions
2025-03-25 14:09:51 292 [Note] InnoDB: Compressed tables use zlib 1.2.3
2025-03-25 14:09:51 292 [Note] InnoDB: Not using CPU crc32 instructions
2025-03-25 14:09:51 292 [Note] InnoDB: Initializing buffer pool, size = 128.0M
2025-03-25 14:09:51 292 [Note] InnoDB: Completed initialization of buffer pool
2025-03-25 14:09:51 292 [Note] InnoDB: Highest supported file format is Barracuda.
2025-03-25 14:09:51 292 [Note] InnoDB: The log sequence numbers 1626134 and 1626134 in ibdata files do not match the log sequence number 1912455 in the ib_logfiles!
2025-03-25 14:09:51 292 [Note] InnoDB: Database was not shutdown normally!
2025-03-25 14:09:51 292 [Note] InnoDB: Starting crash recovery.
2025-03-25 14:09:51 292 [Note] InnoDB: Reading tablespace information from the .ibd files...
2025-03-25 14:09:51 292 [Note] InnoDB: Restoring possible half-written data pages 
2025-03-25 14:09:51 292 [Note] InnoDB: from the doublewrite buffer...
2025-03-25 14:09:57 292 [ERROR] InnoDB: Table aula1/alunos in the InnoDB data dictionary has tablespace id 10, but tablespace with that id or name does not exist. Have you deleted or moved .ibd files? This may also be a table created with CREATE TEMPORARY TABLE whose .ibd and .frm files MySQL automatically removed, but the table still exists in the InnoDB internal data dictionary.
InnoDB: Please refer to
InnoDB: http://dev.mysql.com/doc/refman/5.6/en/innodb-troubleshooting-datadict.html
InnoDB: for how to resolve the issue.
2025-03-25 14:09:57 292 [ERROR] InnoDB: Table cadastro_2dsm/tb_cad in the InnoDB data dictionary has tablespace id 26, but tablespace with that id or name does not exist. Have you deleted or moved .ibd files? This may also be a table created with CREATE TEMPORARY TABLE whose .ibd and .frm files MySQL automatically removed, but the table still exists in the InnoDB internal data dictionary.
InnoDB: Please refer to
InnoDB: http://dev.mysql.com/doc/refman/5.6/en/innodb-troubleshooting-datadict.html
InnoDB: for how to resolve the issue.
2025-03-25 14:09:57 292 [ERROR] InnoDB: Table cadastro_2dsm/tb_cadastro in the InnoDB data dictionary has tablespace id 20, but tablespace with that id or name does not exist. Have you deleted or moved .ibd files? This may also be a table created with CREATE TEMPORARY TABLE whose .ibd and .frm files MySQL automatically removed, but the table still exists in the InnoDB internal data dictionary.
InnoDB: Please refer to
InnoDB: http://dev.mysql.com/doc/refman/5.6/en/innodb-troubleshooting-datadict.html
InnoDB: for how to resolve the issue.
2025-03-25 14:09:57 292 [ERROR] InnoDB: Table cadastro_adsva4/tb_cadastro in the InnoDB data dictionary has tablespace id 17, but tablespace with that id or name does not exist. Have you deleted or moved .ibd files? This may also be a table created with CREATE TEMPORARY TABLE whose .ibd and .frm files MySQL automatically removed, but the table still exists in the InnoDB internal data dictionary.
InnoDB: Please refer to
InnoDB: http://dev.mysql.com/doc/refman/5.6/en/innodb-troubleshooting-datadict.html
InnoDB: for how to resolve the issue.
2025-03-25 14:09:57 292 [ERROR] InnoDB: Table cadastro_clientes/tb_clientes in the InnoDB data dictionary has tablespace id 23, but tablespace with that id or name does not exist. Have you deleted or moved .ibd files? This may also be a table created with CREATE TEMPORARY TABLE whose .ibd and .frm files MySQL automatically removed, but the table still exists in the InnoDB internal data dictionary.
InnoDB: Please refer to
InnoDB: http://dev.mysql.com/doc/refman/5.6/en/innodb-troubleshooting-datadict.html
InnoDB: for how to resolve the issue.
2025-03-25 14:09:57 292 [ERROR] InnoDB: Table cadastro_contas/tb_login in the InnoDB data dictionary has tablespace id 27, but tablespace with that id or name does not exist. Have you deleted or moved .ibd files? This may also be a table created with CREATE TEMPORARY TABLE whose .ibd and .frm files MySQL automatically removed, but the table still exists in the InnoDB internal data dictionary.
InnoDB: Please refer to
InnoDB: http://dev.mysql.com/doc/refman/5.6/en/innodb-troubleshooting-datadict.html
InnoDB: for how to resolve the issue.
2025-03-25 14:09:57 292 [ERROR] InnoDB: Table cadastro_dsm/tb_login in the InnoDB data dictionary has tablespace id 19, but tablespace with that id or name does not exist. Have you deleted or moved .ibd files? This may also be a table created with CREATE TEMPORARY TABLE whose .ibd and .frm files MySQL automatically removed, but the table still exists in the InnoDB internal data dictionary.
InnoDB: Please refer to
InnoDB: http://dev.mysql.com/doc/refman/5.6/en/innodb-troubleshooting-datadict.html
InnoDB: for how to resolve the issue.
2025-03-25 14:09:57 292 [ERROR] InnoDB: Table cadastro_produtos/cad_produto in the InnoDB data dictionary has tablespace id 24, but tablespace with that id or name does not exist. Have you deleted or moved .ibd files? This may also be a table created with CREATE TEMPORARY TABLE whose .ibd and .frm files MySQL automatically removed, but the table still exists in the InnoDB internal data dictionary.
InnoDB: Please refer to
InnoDB: http://dev.mysql.com/doc/refman/5.6/en/innodb-troubleshooting-datadict.html
InnoDB: for how to resolve the issue.
2025-03-25 14:09:57 292 [ERROR] InnoDB: Table cliente/fornecedor in the InnoDB data dictionary has tablespace id 8, but tablespace with that id or name does not exist. Have you deleted or moved .ibd files? This may also be a table created with CREATE TEMPORARY TABLE whose .ibd and .frm files MySQL automatically removed, but the table still exists in the InnoDB internal data dictionary.
InnoDB: Please refer to
InnoDB: http://dev.mysql.com/doc/refman/5.6/en/innodb-troubleshooting-datadict.html
InnoDB: for how to resolve the issue.
2025-03-25 14:09:57 292 [ERROR] InnoDB: Table cliente/funcionario in the InnoDB data dictionary has tablespace id 13, but tablespace with that id or name does not exist. Have you deleted or moved .ibd files? This may also be a table created with CREATE TEMPORARY TABLE whose .ibd and .frm files MySQL automatically removed, but the table still exists in the InnoDB internal data dictionary.
InnoDB: Please refer to
InnoDB: http://dev.mysql.com/doc/refman/5.6/en/innodb-troubleshooting-datadict.html
InnoDB: for how to resolve the issue.
2025-03-25 14:09:57 292 [ERROR] InnoDB: Table cliente/produto in the InnoDB data dictionary has tablespace id 12, but tablespace with that id or name does not exist. Have you deleted or moved .ibd files? This may also be a table created with CREATE TEMPORARY TABLE whose .ibd and .frm files MySQL automatically removed, but the table still exists in the InnoDB internal data dictionary.
InnoDB: Please refer to
InnoDB: http://dev.mysql.com/doc/refman/5.6/en/innodb-troubleshooting-datadict.html
InnoDB: for how to resolve the issue.
2025-03-25 14:09:57 292 [ERROR] InnoDB: Table cliente/vendas in the InnoDB data dictionary has tablespace id 11, but tablespace with that id or name does not exist. Have you deleted or moved .ibd files? This may also be a table created with CREATE TEMPORARY TABLE whose .ibd and .frm files MySQL automatically removed, but the table still exists in the InnoDB internal data dictionary.
InnoDB: Please refer to
InnoDB: http://dev.mysql.com/doc/refman/5.6/en/innodb-troubleshooting-datadict.html
InnoDB: for how to resolve the issue.
2025-03-25 14:09:57 292 [ERROR] InnoDB: Table cliente1/alunos in the InnoDB data dictionary has tablespace id 14, but tablespace with that id or name does not exist. Have you deleted or moved .ibd files? This may also be a table created with CREATE TEMPORARY TABLE whose .ibd and .frm files MySQL automatically removed, but the table still exists in the InnoDB internal data dictionary.
InnoDB: Please refer to
InnoDB: http://dev.mysql.com/doc/refman/5.6/en/innodb-troubleshooting-datadict.html
InnoDB: for how to resolve the issue.
2025-03-25 14:09:57 292 [ERROR] InnoDB: Table dsm_cadastro/tb_cadastro in the InnoDB data dictionary has tablespace id 21, but tablespace with that id or name does not exist. Have you deleted or moved .ibd files? This may also be a table created with CREATE TEMPORARY TABLE whose .ibd and .frm files MySQL automatically removed, but the table still exists in the InnoDB internal data dictionary.
InnoDB: Please refer to
InnoDB: http://dev.mysql.com/doc/refman/5.6/en/innodb-troubleshooting-datadict.html
InnoDB: for how to resolve the issue.
2025-03-25 14:09:57 292 [ERROR] InnoDB: Table escola/alunos in the InnoDB data dictionary has tablespace id 15, but tablespace with that id or name does not exist. Have you deleted or moved .ibd files? This may also be a table created with CREATE TEMPORARY TABLE whose .ibd and .frm files MySQL automatically removed, but the table still exists in the InnoDB internal data dictionary.
InnoDB: Please refer to
InnoDB: http://dev.mysql.com/doc/refman/5.6/en/innodb-troubleshooting-datadict.html
InnoDB: for how to resolve the issue.
2025-03-25 14:09:57 292 [ERROR] InnoDB: Table escola/funcionarios in the InnoDB data dictionary has tablespace id 16, but tablespace with that id or name does not exist. Have you deleted or moved .ibd files? This may also be a table created with CREATE TEMPORARY TABLE whose .ibd and .frm files MySQL automatically removed, but the table still exists in the InnoDB internal data dictionary.
InnoDB: Please refer to
InnoDB: http://dev.mysql.com/doc/refman/5.6/en/innodb-troubleshooting-datadict.html
InnoDB: for how to resolve the issue.
2025-03-25 14:09:57 292 [ERROR] InnoDB: Table israel/tb_israel in the InnoDB data dictionary has tablespace id 22, but tablespace with that id or name does not exist. Have you deleted or moved .ibd files? This may also be a table created with CREATE TEMPORARY TABLE whose .ibd and .frm files MySQL automatically removed, but the table still exists in the InnoDB internal data dictionary.
InnoDB: Please refer to
InnoDB: http://dev.mysql.com/doc/refman/5.6/en/innodb-troubleshooting-datadict.html
InnoDB: for how to resolve the issue.
2025-03-25 14:09:57 292 [Note] InnoDB: 128 rollback segment(s) are active.
2025-03-25 14:09:57 292 [Note] InnoDB: Waiting for purge to start
2025-03-25 14:09:57 292 [ERROR] InnoDB: Failed to find tablespace for table '"cadastro_contas"."tb_login"' in the cache. Attempting to load the tablespace with space id 27.
2025-03-25 14:09:57 2b08  InnoDB: Operating system error number 3 in a file operation.
InnoDB: The error means the system cannot find the path specified.
2025-03-25 14:09:57 292 [ERROR] InnoDB: Could not find a valid tablespace file for 'cadastro_contas/tb_login'. See http://dev.mysql.com/doc/refman/5.6/en/innodb-troubleshooting-datadict.html for how to resolve the issue.
2025-03-25 14:09:57 292 [ERROR] InnoDB: Failed to find tablespace for table '"cadastro_dsm"."tb_login"' in the cache. Attempting to load the tablespace with space id 19.
2025-03-25 14:09:57 2b08  InnoDB: Operating system error number 3 in a file operation.
InnoDB: The error means the system cannot find the path specified.
2025-03-25 14:09:57 292 [ERROR] InnoDB: Could not find a valid tablespace file for 'cadastro_dsm/tb_login'. See http://dev.mysql.com/doc/refman/5.6/en/innodb-troubleshooting-datadict.html for how to resolve the issue.
2025-03-25 14:09:57 292 [ERROR] InnoDB: Failed to find tablespace for table '"cadastro_adsva4"."tb_cadastro"' in the cache. Attempting to load the tablespace with space id 17.
2025-03-25 14:09:57 292 [Note] InnoDB: 5.6.13 started; log sequence number 1912455
2025-03-25 14:09:57 2b08  InnoDB: Operating system error number 3 in a file operation.
InnoDB: The error means the system cannot find the path specified.
2025-03-25 14:09:57 292 [Note] Server hostname (bind-address): '*'; port: 3307
2025-03-25 14:09:57 292 [ERROR] InnoDB: Could not find a valid tablespace file for 'cadastro_adsva4/tb_cadastro'. See http://dev.mysql.com/doc/refman/5.6/en/innodb-troubleshooting-datadict.html for how to resolve the issue.
2025-03-25 14:09:57 292 [Note] IPv6 is available.
2025-03-25 14:09:57 292 [Note]   - '::' resolves to '::';
2025-03-25 14:09:57 292 [Note] Server socket created on IP: '::'.
2025-04-01 13:46:01 3812 [Note] Plugin 'FEDERATED' is disabled.
2025-04-01 13:46:02 3812 [Note] InnoDB: The InnoDB memory heap is disabled
2025-04-01 13:46:02 3812 [Note] InnoDB: Mutexes and rw_locks use Windows interlocked functions
2025-04-01 13:46:02 3812 [Note] InnoDB: Compressed tables use zlib 1.2.3
2025-04-01 13:46:02 3812 [Note] InnoDB: Not using CPU crc32 instructions
2025-04-01 13:46:03 3812 [Note] InnoDB: Initializing buffer pool, size = 128.0M
2025-04-01 13:46:03 3812 [Note] InnoDB: Completed initialization of buffer pool
2025-04-01 13:46:03 3812 [Note] InnoDB: Highest supported file format is Barracuda.
2025-04-01 13:46:03 3812 [Note] InnoDB: The log sequence numbers 1626134 and 1626134 in ibdata files do not match the log sequence number 1918448 in the ib_logfiles!
2025-04-01 13:46:03 3812 [Note] InnoDB: Database was not shutdown normally!
2025-04-01 13:46:03 3812 [Note] InnoDB: Starting crash recovery.
2025-04-01 13:46:03 3812 [Note] InnoDB: Reading tablespace information from the .ibd files...
2025-04-01 13:46:04 3812 [Note] InnoDB: Restoring possible half-written data pages 
2025-04-01 13:46:04 3812 [Note] InnoDB: from the doublewrite buffer...
2025-04-01 13:46:10 3812 [ERROR] InnoDB: Table aula1/alunos in the InnoDB data dictionary has tablespace id 10, but tablespace with that id or name does not exist. Have you deleted or moved .ibd files? This may also be a table created with CREATE TEMPORARY TABLE whose .ibd and .frm files MySQL automatically removed, but the table still exists in the InnoDB internal data dictionary.
InnoDB: Please refer to
InnoDB: http://dev.mysql.com/doc/refman/5.6/en/innodb-troubleshooting-datadict.html
InnoDB: for how to resolve the issue.
2025-04-01 13:46:10 3812 [ERROR] InnoDB: Table cadastro_2dsm/tb_cad in the InnoDB data dictionary has tablespace id 26, but tablespace with that id or name does not exist. Have you deleted or moved .ibd files? This may also be a table created with CREATE TEMPORARY TABLE whose .ibd and .frm files MySQL automatically removed, but the table still exists in the InnoDB internal data dictionary.
InnoDB: Please refer to
InnoDB: http://dev.mysql.com/doc/refman/5.6/en/innodb-troubleshooting-datadict.html
InnoDB: for how to resolve the issue.
2025-04-01 13:46:10 3812 [ERROR] InnoDB: Table cadastro_2dsm/tb_cadastro in the InnoDB data dictionary has tablespace id 20, but tablespace with that id or name does not exist. Have you deleted or moved .ibd files? This may also be a table created with CREATE TEMPORARY TABLE whose .ibd and .frm files MySQL automatically removed, but the table still exists in the InnoDB internal data dictionary.
InnoDB: Please refer to
InnoDB: http://dev.mysql.com/doc/refman/5.6/en/innodb-troubleshooting-datadict.html
InnoDB: for how to resolve the issue.
2025-04-01 13:46:10 3812 [ERROR] InnoDB: Table cadastro_adsva4/tb_cadastro in the InnoDB data dictionary has tablespace id 17, but tablespace with that id or name does not exist. Have you deleted or moved .ibd files? This may also be a table created with CREATE TEMPORARY TABLE whose .ibd and .frm files MySQL automatically removed, but the table still exists in the InnoDB internal data dictionary.
InnoDB: Please refer to
InnoDB: http://dev.mysql.com/doc/refman/5.6/en/innodb-troubleshooting-datadict.html
InnoDB: for how to resolve the issue.
2025-04-01 13:46:10 3812 [ERROR] InnoDB: Table cadastro_clientes/tb_clientes in the InnoDB data dictionary has tablespace id 23, but tablespace with that id or name does not exist. Have you deleted or moved .ibd files? This may also be a table created with CREATE TEMPORARY TABLE whose .ibd and .frm files MySQL automatically removed, but the table still exists in the InnoDB internal data dictionary.
InnoDB: Please refer to
InnoDB: http://dev.mysql.com/doc/refman/5.6/en/innodb-troubleshooting-datadict.html
InnoDB: for how to resolve the issue.
2025-04-01 13:46:10 3812 [ERROR] InnoDB: Table cadastro_contas/tb_login in the InnoDB data dictionary has tablespace id 27, but tablespace with that id or name does not exist. Have you deleted or moved .ibd files? This may also be a table created with CREATE TEMPORARY TABLE whose .ibd and .frm files MySQL automatically removed, but the table still exists in the InnoDB internal data dictionary.
InnoDB: Please refer to
InnoDB: http://dev.mysql.com/doc/refman/5.6/en/innodb-troubleshooting-datadict.html
InnoDB: for how to resolve the issue.
2025-04-01 13:46:10 3812 [ERROR] InnoDB: Table cadastro_dsm/tb_login in the InnoDB data dictionary has tablespace id 19, but tablespace with that id or name does not exist. Have you deleted or moved .ibd files? This may also be a table created with CREATE TEMPORARY TABLE whose .ibd and .frm files MySQL automatically removed, but the table still exists in the InnoDB internal data dictionary.
InnoDB: Please refer to
InnoDB: http://dev.mysql.com/doc/refman/5.6/en/innodb-troubleshooting-datadict.html
InnoDB: for how to resolve the issue.
2025-04-01 13:46:10 3812 [ERROR] InnoDB: Table cadastro_produtos/cad_produto in the InnoDB data dictionary has tablespace id 24, but tablespace with that id or name does not exist. Have you deleted or moved .ibd files? This may also be a table created with CREATE TEMPORARY TABLE whose .ibd and .frm files MySQL automatically removed, but the table still exists in the InnoDB internal data dictionary.
InnoDB: Please refer to
InnoDB: http://dev.mysql.com/doc/refman/5.6/en/innodb-troubleshooting-datadict.html
InnoDB: for how to resolve the issue.
2025-04-01 13:46:11 3812 [ERROR] InnoDB: Table cliente/fornecedor in the InnoDB data dictionary has tablespace id 8, but tablespace with that id or name does not exist. Have you deleted or moved .ibd files? This may also be a table created with CREATE TEMPORARY TABLE whose .ibd and .frm files MySQL automatically removed, but the table still exists in the InnoDB internal data dictionary.
InnoDB: Please refer to
InnoDB: http://dev.mysql.com/doc/refman/5.6/en/innodb-troubleshooting-datadict.html
InnoDB: for how to resolve the issue.
2025-04-01 13:46:11 3812 [ERROR] InnoDB: Table cliente/funcionario in the InnoDB data dictionary has tablespace id 13, but tablespace with that id or name does not exist. Have you deleted or moved .ibd files? This may also be a table created with CREATE TEMPORARY TABLE whose .ibd and .frm files MySQL automatically removed, but the table still exists in the InnoDB internal data dictionary.
InnoDB: Please refer to
InnoDB: http://dev.mysql.com/doc/refman/5.6/en/innodb-troubleshooting-datadict.html
InnoDB: for how to resolve the issue.
2025-04-01 13:46:11 3812 [ERROR] InnoDB: Table cliente/produto in the InnoDB data dictionary has tablespace id 12, but tablespace with that id or name does not exist. Have you deleted or moved .ibd files? This may also be a table created with CREATE TEMPORARY TABLE whose .ibd and .frm files MySQL automatically removed, but the table still exists in the InnoDB internal data dictionary.
InnoDB: Please refer to
InnoDB: http://dev.mysql.com/doc/refman/5.6/en/innodb-troubleshooting-datadict.html
InnoDB: for how to resolve the issue.
2025-04-01 13:46:11 3812 [ERROR] InnoDB: Table cliente/vendas in the InnoDB data dictionary has tablespace id 11, but tablespace with that id or name does not exist. Have you deleted or moved .ibd files? This may also be a table created with CREATE TEMPORARY TABLE whose .ibd and .frm files MySQL automatically removed, but the table still exists in the InnoDB internal data dictionary.
InnoDB: Please refer to
InnoDB: http://dev.mysql.com/doc/refman/5.6/en/innodb-troubleshooting-datadict.html
InnoDB: for how to resolve the issue.
2025-04-01 13:46:11 3812 [ERROR] InnoDB: Table cliente1/alunos in the InnoDB data dictionary has tablespace id 14, but tablespace with that id or name does not exist. Have you deleted or moved .ibd files? This may also be a table created with CREATE TEMPORARY TABLE whose .ibd and .frm files MySQL automatically removed, but the table still exists in the InnoDB internal data dictionary.
InnoDB: Please refer to
InnoDB: http://dev.mysql.com/doc/refman/5.6/en/innodb-troubleshooting-datadict.html
InnoDB: for how to resolve the issue.
2025-04-01 13:46:11 3812 [ERROR] InnoDB: Table dsm_cadastro/tb_cadastro in the InnoDB data dictionary has tablespace id 21, but tablespace with that id or name does not exist. Have you deleted or moved .ibd files? This may also be a table created with CREATE TEMPORARY TABLE whose .ibd and .frm files MySQL automatically removed, but the table still exists in the InnoDB internal data dictionary.
InnoDB: Please refer to
InnoDB: http://dev.mysql.com/doc/refman/5.6/en/innodb-troubleshooting-datadict.html
InnoDB: for how to resolve the issue.
2025-04-01 13:46:11 3812 [ERROR] InnoDB: Table escola/alunos in the InnoDB data dictionary has tablespace id 15, but tablespace with that id or name does not exist. Have you deleted or moved .ibd files? This may also be a table created with CREATE TEMPORARY TABLE whose .ibd and .frm files MySQL automatically removed, but the table still exists in the InnoDB internal data dictionary.
InnoDB: Please refer to
InnoDB: http://dev.mysql.com/doc/refman/5.6/en/innodb-troubleshooting-datadict.html
InnoDB: for how to resolve the issue.
2025-04-01 13:46:11 3812 [ERROR] InnoDB: Table escola/funcionarios in the InnoDB data dictionary has tablespace id 16, but tablespace with that id or name does not exist. Have you deleted or moved .ibd files? This may also be a table created with CREATE TEMPORARY TABLE whose .ibd and .frm files MySQL automatically removed, but the table still exists in the InnoDB internal data dictionary.
InnoDB: Please refer to
InnoDB: http://dev.mysql.com/doc/refman/5.6/en/innodb-troubleshooting-datadict.html
InnoDB: for how to resolve the issue.
2025-04-01 13:46:11 3812 [ERROR] InnoDB: Table israel/tb_israel in the InnoDB data dictionary has tablespace id 22, but tablespace with that id or name does not exist. Have you deleted or moved .ibd files? This may also be a table created with CREATE TEMPORARY TABLE whose .ibd and .frm files MySQL automatically removed, but the table still exists in the InnoDB internal data dictionary.
InnoDB: Please refer to
InnoDB: http://dev.mysql.com/doc/refman/5.6/en/innodb-troubleshooting-datadict.html
InnoDB: for how to resolve the issue.
2025-04-01 13:46:11 3812 [Note] InnoDB: 128 rollback segment(s) are active.
2025-04-01 13:46:11 3812 [Note] InnoDB: Waiting for purge to start
2025-04-01 13:46:11 3812 [ERROR] InnoDB: Failed to find tablespace for table '"cadastro_contas"."tb_login"' in the cache. Attempting to load the tablespace with space id 27.
2025-04-01 13:46:11 19d0  InnoDB: Operating system error number 3 in a file operation.
InnoDB: The error means the system cannot find the path specified.
2025-04-01 13:46:11 3812 [ERROR] InnoDB: Could not find a valid tablespace file for 'cadastro_contas/tb_login'. See http://dev.mysql.com/doc/refman/5.6/en/innodb-troubleshooting-datadict.html for how to resolve the issue.
2025-04-01 13:46:11 3812 [ERROR] InnoDB: Failed to find tablespace for table '"cadastro_dsm"."tb_login"' in the cache. Attempting to load the tablespace with space id 19.
2025-04-01 13:46:11 19d0  InnoDB: Operating system error number 3 in a file operation.
InnoDB: The error means the system cannot find the path specified.
2025-04-01 13:46:11 3812 [ERROR] InnoDB: Could not find a valid tablespace file for 'cadastro_dsm/tb_login'. See http://dev.mysql.com/doc/refman/5.6/en/innodb-troubleshooting-datadict.html for how to resolve the issue.
2025-04-01 13:46:11 3812 [ERROR] InnoDB: Failed to find tablespace for table '"cadastro_adsva4"."tb_cadastro"' in the cache. Attempting to load the tablespace with space id 17.
2025-04-01 13:46:11 19d0  InnoDB: Operating system error number 3 in a file operation.
InnoDB: The error means the system cannot find the path specified.
2025-04-01 13:46:11 3812 [ERROR] InnoDB: Could not find a valid tablespace file for 'cadastro_adsva4/tb_cadastro'. See http://dev.mysql.com/doc/refman/5.6/en/innodb-troubleshooting-datadict.html for how to resolve the issue.
2025-04-01 13:46:11 3812 [Note] InnoDB: 5.6.13 started; log sequence number 1918448
2025-04-01 13:46:11 3812 [Note] Server hostname (bind-address): '*'; port: 3307
2025-04-01 13:46:11 3812 [Note] IPv6 is available.
2025-04-01 13:46:11 3812 [Note]   - '::' resolves to '::';
2025-04-01 13:46:11 3812 [Note] Server socket created on IP: '::'.
2025-04-01 13:46:13 3812 [Note] Event Scheduler: Loaded 0 events
2025-04-01 13:46:13 3812 [Note] D:\DADOS\usbwebserver/mysql/bin/mysqld_usbwv8.exe: ready for connections.
Version: '5.6.13'  socket: ''  port: 3307  MySQL Community Server (GPL)
2026-08-10 15:13:07 4908 [Note] Plugin 'FEDERATED' is disabled.
2026-08-10 15:13:08 4908 [Note] InnoDB: The InnoDB memory heap is disabled
2026-08-10 15:13:08 4908 [Note] InnoDB: Mutexes and rw_locks use Windows interlocked functions
2026-08-10 15:13:08 4908 [Note] InnoDB: Compressed tables use zlib 1.2.3
2026-08-10 15:13:08 4908 [Note] InnoDB: Not using CPU crc32 instructions
2026-08-10 15:13:08 4908 [Note] InnoDB: Initializing buffer pool, size = 128.0M
2026-08-10 15:13:08 4908 [Note] InnoDB: Completed initialization of buffer pool
2026-08-10 15:13:08 4908 [Note] InnoDB: Highest supported file format is Barracuda.
2026-08-10 15:13:08 4908 [Note] InnoDB: The log sequence numbers 1626134 and 1626134 in ibdata files do not match the log sequence number 2024021 in the ib_logfiles!
2026-08-10 15:13:08 4908 [Note] InnoDB: Database was not shutdown normally!
2026-08-10 15:13:08 4908 [Note] InnoDB: Starting crash recovery.
2026-08-10 15:13:08 4908 [Note] InnoDB: Reading tablespace information from the .ibd files...
2026-08-10 15:13:09 4908 [Note] InnoDB: Restoring possible half-written data pages 
2026-08-10 15:13:09 4908 [Note] InnoDB: from the doublewrite buffer...
2026-08-10 15:13:20 4908 [ERROR] InnoDB: Table aula1/alunos in the InnoDB data dictionary has tablespace id 10, but tablespace with that id or name does not exist. Have you deleted or moved .ibd files? This may also be a table created with CREATE TEMPORARY TABLE whose .ibd and .frm files MySQL automatically removed, but the table still exists in the InnoDB internal data dictionary.
InnoDB: Please refer to
InnoDB: http://dev.mysql.com/doc/refman/5.6/en/innodb-troubleshooting-datadict.html
InnoDB: for how to resolve the issue.
2026-08-10 15:13:20 4908 [ERROR] InnoDB: Table cad_clientes/tb_clientes in the InnoDB data dictionary has tablespace id 28, but tablespace with that id or name does not exist. Have you deleted or moved .ibd files? This may also be a table created with CREATE TEMPORARY TABLE whose .ibd and .frm files MySQL automatically removed, but the table still exists in the InnoDB internal data dictionary.
InnoDB: Please refer to
InnoDB: http://dev.mysql.com/doc/refman/5.6/en/innodb-troubleshooting-datadict.html
InnoDB: for how to resolve the issue.
2026-08-10 15:13:20 4908 [ERROR] InnoDB: Table cadastro_2dsm/tb_cad in the InnoDB data dictionary has tablespace id 26, but tablespace with that id or name does not exist. Have you deleted or moved .ibd files? This may also be a table created with CREATE TEMPORARY TABLE whose .ibd and .frm files MySQL automatically removed, but the table still exists in the InnoDB internal data dictionary.
InnoDB: Please refer to
InnoDB: http://dev.mysql.com/doc/refman/5.6/en/innodb-troubleshooting-datadict.html
InnoDB: for how to resolve the issue.
2026-08-10 15:13:20 4908 [ERROR] InnoDB: Table cadastro_2dsm/tb_cadastro in the InnoDB data dictionary has tablespace id 20, but tablespace with that id or name does not exist. Have you deleted or moved .ibd files? This may also be a table created with CREATE TEMPORARY TABLE whose .ibd and .frm files MySQL automatically removed, but the table still exists in the InnoDB internal data dictionary.
InnoDB: Please refer to
InnoDB: http://dev.mysql.com/doc/refman/5.6/en/innodb-troubleshooting-datadict.html
InnoDB: for how to resolve the issue.
2026-08-10 15:13:20 4908 [ERROR] InnoDB: Table cadastro_adsva4/tb_cadastro in the InnoDB data dictionary has tablespace id 17, but tablespace with that id or name does not exist. Have you deleted or moved .ibd files? This may also be a table created with CREATE TEMPORARY TABLE whose .ibd and .frm files MySQL automatically removed, but the table still exists in the InnoDB internal data dictionary.
InnoDB: Please refer to
InnoDB: http://dev.mysql.com/doc/refman/5.6/en/innodb-troubleshooting-datadict.html
InnoDB: for how to resolve the issue.
2026-08-10 15:13:20 4908 [ERROR] InnoDB: Table cadastro_clientes/tb_cadastro in the InnoDB data dictionary has tablespace id 29, but tablespace with that id or name does not exist. Have you deleted or moved .ibd files? This may also be a table created with CREATE TEMPORARY TABLE whose .ibd and .frm files MySQL automatically removed, but the table still exists in the InnoDB internal data dictionary.
InnoDB: Please refer to
InnoDB: http://dev.mysql.com/doc/refman/5.6/en/innodb-troubleshooting-datadict.html
InnoDB: for how to resolve the issue.
2026-08-10 15:13:20 4908 [ERROR] InnoDB: Table cadastro_clientes/tb_clientes in the InnoDB data dictionary has tablespace id 23, but tablespace with that id or name does not exist. Have you deleted or moved .ibd files? This may also be a table created with CREATE TEMPORARY TABLE whose .ibd and .frm files MySQL automatically removed, but the table still exists in the InnoDB internal data dictionary.
InnoDB: Please refer to
InnoDB: http://dev.mysql.com/doc/refman/5.6/en/innodb-troubleshooting-datadict.html
InnoDB: for how to resolve the issue.
2026-08-10 15:13:20 4908 [ERROR] InnoDB: Table cadastro_clientes_adsva2/tb_clientes in the InnoDB data dictionary has tablespace id 30, but tablespace with that id or name does not exist. Have you deleted or moved .ibd files? This may also be a table created with CREATE TEMPORARY TABLE whose .ibd and .frm files MySQL automatically removed, but the table still exists in the InnoDB internal data dictionary.
InnoDB: Please refer to
InnoDB: http://dev.mysql.com/doc/refman/5.6/en/innodb-troubleshooting-datadict.html
InnoDB: for how to resolve the issue.
2026-08-10 15:13:20 4908 [ERROR] InnoDB: Table cadastro_contas/tb_login in the InnoDB data dictionary has tablespace id 27, but tablespace with that id or name does not exist. Have you deleted or moved .ibd files? This may also be a table created with CREATE TEMPORARY TABLE whose .ibd and .frm files MySQL automatically removed, but the table still exists in the InnoDB internal data dictionary.
InnoDB: Please refer to
InnoDB: http://dev.mysql.com/doc/refman/5.6/en/innodb-troubleshooting-datadict.html
InnoDB: for how to resolve the issue.
2026-08-10 15:13:20 4908 [ERROR] InnoDB: Table cadastro_dsm/tb_login in the InnoDB data dictionary has tablespace id 19, but tablespace with that id or name does not exist. Have you deleted or moved .ibd files? This may also be a table created with CREATE TEMPORARY TABLE whose .ibd and .frm files MySQL automatically removed, but the table still exists in the InnoDB internal data dictionary.
InnoDB: Please refer to
InnoDB: http://dev.mysql.com/doc/refman/5.6/en/innodb-troubleshooting-datadict.html
InnoDB: for how to resolve the issue.
2026-08-10 15:13:20 4908 [ERROR] InnoDB: Table cadastro_produtos/cad_produto in the InnoDB data dictionary has tablespace id 24, but tablespace with that id or name does not exist. Have you deleted or moved .ibd files? This may also be a table created with CREATE TEMPORARY TABLE whose .ibd and .frm files MySQL automatically removed, but the table still exists in the InnoDB internal data dictionary.
InnoDB: Please refer to
InnoDB: http://dev.mysql.com/doc/refman/5.6/en/innodb-troubleshooting-datadict.html
InnoDB: for how to resolve the issue.
2026-08-10 15:13:20 4908 [ERROR] InnoDB: Table cliente/fornecedor in the InnoDB data dictionary has tablespace id 8, but tablespace with that id or name does not exist. Have you deleted or moved .ibd files? This may also be a table created with CREATE TEMPORARY TABLE whose .ibd and .frm files MySQL automatically removed, but the table still exists in the InnoDB internal data dictionary.
InnoDB: Please refer to
InnoDB: http://dev.mysql.com/doc/refman/5.6/en/innodb-troubleshooting-datadict.html
InnoDB: for how to resolve the issue.
2026-08-10 15:13:20 4908 [ERROR] InnoDB: Table cliente/funcionario in the InnoDB data dictionary has tablespace id 13, but tablespace with that id or name does not exist. Have you deleted or moved .ibd files? This may also be a table created with CREATE TEMPORARY TABLE whose .ibd and .frm files MySQL automatically removed, but the table still exists in the InnoDB internal data dictionary.
InnoDB: Please refer to
InnoDB: http://dev.mysql.com/doc/refman/5.6/en/innodb-troubleshooting-datadict.html
InnoDB: for how to resolve the issue.
2026-08-10 15:13:20 4908 [ERROR] InnoDB: Table cliente/produto in the InnoDB data dictionary has tablespace id 12, but tablespace with that id or name does not exist. Have you deleted or moved .ibd files? This may also be a table created with CREATE TEMPORARY TABLE whose .ibd and .frm files MySQL automatically removed, but the table still exists in the InnoDB internal data dictionary.
InnoDB: Please refer to
InnoDB: http://dev.mysql.com/doc/refman/5.6/en/innodb-troubleshooting-datadict.html
InnoDB: for how to resolve the issue.
2026-08-10 15:13:20 4908 [ERROR] InnoDB: Table cliente/vendas in the InnoDB data dictionary has tablespace id 11, but tablespace with that id or name does not exist. Have you deleted or moved .ibd files? This may also be a table created with CREATE TEMPORARY TABLE whose .ibd and .frm files MySQL automatically removed, but the table still exists in the InnoDB internal data dictionary.
InnoDB: Please refer to
InnoDB: http://dev.mysql.com/doc/refman/5.6/en/innodb-troubleshooting-datadict.html
InnoDB: for how to resolve the issue.
2026-08-10 15:13:20 4908 [ERROR] InnoDB: Table cliente1/alunos in the InnoDB data dictionary has tablespace id 14, but tablespace with that id or name does not exist. Have you deleted or moved .ibd files? This may also be a table created with CREATE TEMPORARY TABLE whose .ibd and .frm files MySQL automatically removed, but the table still exists in the InnoDB internal data dictionary.
InnoDB: Please refer to
InnoDB: http://dev.mysql.com/doc/refman/5.6/en/innodb-troubleshooting-datadict.html
InnoDB: for how to resolve the issue.
2026-08-10 15:13:20 4908 [ERROR] InnoDB: Table dsm_cadastro/tb_cadastro in the InnoDB data dictionary has tablespace id 21, but tablespace with that id or name does not exist. Have you deleted or moved .ibd files? This may also be a table created with CREATE TEMPORARY TABLE whose .ibd and .frm files MySQL automatically removed, but the table still exists in the InnoDB internal data dictionary.
InnoDB: Please refer to
InnoDB: http://dev.mysql.com/doc/refman/5.6/en/innodb-troubleshooting-datadict.html
InnoDB: for how to resolve the issue.
2026-08-10 15:13:20 4908 [ERROR] InnoDB: Table escola/alunos in the InnoDB data dictionary has tablespace id 15, but tablespace with that id or name does not exist. Have you deleted or moved .ibd files? This may also be a table created with CREATE TEMPORARY TABLE whose .ibd and .frm files MySQL automatically removed, but the table still exists in the InnoDB internal data dictionary.
InnoDB: Please refer to
InnoDB: http://dev.mysql.com/doc/refman/5.6/en/innodb-troubleshooting-datadict.html
InnoDB: for how to resolve the issue.
2026-08-10 15:13:20 4908 [ERROR] InnoDB: Table escola/funcionarios in the InnoDB data dictionary has tablespace id 16, but tablespace with that id or name does not exist. Have you deleted or moved .ibd files? This may also be a table created with CREATE TEMPORARY TABLE whose .ibd and .frm files MySQL automatically removed, but the table still exists in the InnoDB internal data dictionary.
InnoDB: Please refer to
InnoDB: http://dev.mysql.com/doc/refman/5.6/en/innodb-troubleshooting-datadict.html
InnoDB: for how to resolve the issue.
2026-08-10 15:13:20 4908 [ERROR] InnoDB: Table israel/tb_israel in the InnoDB data dictionary has tablespace id 22, but tablespace with that id or name does not exist. Have you deleted or moved .ibd files? This may also be a table created with CREATE TEMPORARY TABLE whose .ibd and .frm files MySQL automatically removed, but the table still exists in the InnoDB internal data dictionary.
InnoDB: Please refer to
InnoDB: http://dev.mysql.com/doc/refman/5.6/en/innodb-troubleshooting-datadict.html
InnoDB: for how to resolve the issue.
2026-08-10 15:13:20 4908 [ERROR] InnoDB: Table login/tb_login in the InnoDB data dictionary has tablespace id 31, but tablespace with that id or name does not exist. Have you deleted or moved .ibd files? This may also be a table created with CREATE TEMPORARY TABLE whose .ibd and .frm files MySQL automatically removed, but the table still exists in the InnoDB internal data dictionary.
InnoDB: Please refer to
InnoDB: http://dev.mysql.com/doc/refman/5.6/en/innodb-troubleshooting-datadict.html
InnoDB: for how to resolve the issue.
2026-08-10 15:13:20 4908 [Note] InnoDB: 128 rollback segment(s) are active.
2026-08-10 15:13:20 4908 [Note] InnoDB: Waiting for purge to start
2026-08-10 15:13:20 4908 [Note] InnoDB: 5.6.13 started; log sequence number 2024021
2026-08-10 15:13:20 4908 [ERROR] InnoDB: Failed to find tablespace for table '"login"."tb_login"' in the cache. Attempting to load the tablespace with space id 31.
2026-08-10 15:13:20 da0  InnoDB: Operating system error number 3 in a file operation.
InnoDB: The error means the system cannot find the path specified.
2026-08-10 15:13:20 4908 [ERROR] InnoDB: Could not find a valid tablespace file for 'login/tb_login'. See http://dev.mysql.com/doc/refman/5.6/en/innodb-troubleshooting-datadict.html for how to resolve the issue.
2026-08-10 15:13:20 4908 [ERROR] InnoDB: Failed to find tablespace for table '"cadastro_clientes"."tb_cadastro"' in the cache. Attempting to load the tablespace with space id 29.
2026-08-10 15:13:20 da0  InnoDB: Operating system error number 3 in a file operation.
InnoDB: The error means the system cannot find the path specified.
2026-08-10 15:13:20 4908 [ERROR] InnoDB: Could not find a valid tablespace file for 'cadastro_clientes/tb_cadastro'. See http://dev.mysql.com/doc/refman/5.6/en/innodb-troubleshooting-datadict.html for how to resolve the issue.
2026-08-10 15:13:20 4908 [Note] Server hostname (bind-address): '*'; port: 3307
2026-08-10 15:13:20 4908 [ERROR] InnoDB: Failed to find tablespace for table '"cad_clientes"."tb_clientes"' in the cache. Attempting to load the tablespace with space id 28.
2026-08-10 15:13:20 4908 [Note] IPv6 is available.
2026-08-10 15:13:20 da0  InnoDB: Operating system error number 3 in a file operation.
InnoDB: The error means the system cannot find the path specified.
2026-08-10 15:13:20 4908 [ERROR] InnoDB: Could not find a valid tablespace file for 'cad_clientes/tb_clientes'. See http://dev.mysql.com/doc/refman/5.6/en/innodb-troubleshooting-datadict.html for how to resolve the issue.
2026-08-10 15:13:20 4908 [ERROR] InnoDB: Failed to find tablespace for table '"cadastro_contas"."tb_login"' in the cache. Attempting to load the tablespace with space id 27.
2026-08-10 15:13:20 da0  InnoDB: Operating system error number 3 in a file operation.
InnoDB: The error means the system cannot find the path specified.
2026-08-10 15:13:20 4908 [ERROR] InnoDB: Could not find a valid tablespace file for 'cadastro_contas/tb_login'. See http://dev.mysql.com/doc/refman/5.6/en/innodb-troubleshooting-datadict.html for how to resolve the issue.
2026-08-10 15:13:20 4908 [ERROR] InnoDB: Failed to find tablespace for table '"cadastro_dsm"."tb_login"' in the cache. Attempting to load the tablespace with space id 19.
2026-08-10 15:13:20 4908 [Note]   - '::' resolves to '::';
2026-08-10 15:13:20 da0  InnoDB: Operating system error number 3 in a file operation.
InnoDB: The error means the system cannot find the path specified.
2026-08-10 15:13:20 4908 [Note] Server socket created on IP: '::'.
2026-08-10 15:13:20 4908 [ERROR] InnoDB: Could not find a valid tablespace file for 'cadastro_dsm/tb_login'. See http://dev.mysql.com/doc/refman/5.6/en/innodb-troubleshooting-datadict.html for how to resolve the issue.
2026-08-10 15:13:20 4908 [ERROR] InnoDB: Failed to find tablespace for table '"cadastro_adsva4"."tb_cadastro"' in the cache. Attempting to load the tablespace with space id 17.
2026-08-10 15:13:20 da0  InnoDB: Operating system error number 3 in a file operation.
InnoDB: The error means the system cannot find the path specified.
2026-08-10 15:13:20 4908 [ERROR] InnoDB: Could not find a valid tablespace file for 'cadastro_adsva4/tb_cadastro'. See http://dev.mysql.com/doc/refman/5.6/en/innodb-troubleshooting-datadict.html for how to resolve the issue.
2026-08-14 14:06:33 15096 [Note] Plugin 'FEDERATED' is disabled.
2026-08-14 14:06:34 15096 [Note] InnoDB: The InnoDB memory heap is disabled
2026-08-14 14:06:34 15096 [Note] InnoDB: Mutexes and rw_locks use Windows interlocked functions
2026-08-14 14:06:34 15096 [Note] InnoDB: Compressed tables use zlib 1.2.3
2026-08-14 14:06:35 15096 [Note] InnoDB: Not using CPU crc32 instructions
2026-08-14 14:06:35 15096 [Note] InnoDB: Initializing buffer pool, size = 128.0M
2026-08-14 14:06:35 15096 [Note] InnoDB: Completed initialization of buffer pool
2026-08-14 14:06:36 15096 [Note] InnoDB: Highest supported file format is Barracuda.
2026-08-14 14:06:36 15096 [Note] InnoDB: The log sequence numbers 1626134 and 1626134 in ibdata files do not match the log sequence number 2024041 in the ib_logfiles!
2026-08-14 14:06:36 15096 [Note] InnoDB: Database was not shutdown normally!
2026-08-14 14:06:36 15096 [Note] InnoDB: Starting crash recovery.
2026-08-14 14:06:36 15096 [Note] InnoDB: Reading tablespace information from the .ibd files...
2026-08-14 14:06:36 15096 [Note] InnoDB: Restoring possible half-written data pages 
2026-08-14 14:06:36 15096 [Note] InnoDB: from the doublewrite buffer...
2026-08-14 14:06:44 15096 [ERROR] InnoDB: Table aula1/alunos in the InnoDB data dictionary has tablespace id 10, but tablespace with that id or name does not exist. Have you deleted or moved .ibd files? This may also be a table created with CREATE TEMPORARY TABLE whose .ibd and .frm files MySQL automatically removed, but the table still exists in the InnoDB internal data dictionary.
InnoDB: Please refer to
InnoDB: http://dev.mysql.com/doc/refman/5.6/en/innodb-troubleshooting-datadict.html
InnoDB: for how to resolve the issue.
2026-08-14 14:06:44 15096 [ERROR] InnoDB: Table cad_clientes/tb_clientes in the InnoDB data dictionary has tablespace id 28, but tablespace with that id or name does not exist. Have you deleted or moved .ibd files? This may also be a table created with CREATE TEMPORARY TABLE whose .ibd and .frm files MySQL automatically removed, but the table still exists in the InnoDB internal data dictionary.
InnoDB: Please refer to
InnoDB: http://dev.mysql.com/doc/refman/5.6/en/innodb-troubleshooting-datadict.html
InnoDB: for how to resolve the issue.
2026-08-14 14:06:44 15096 [ERROR] InnoDB: Table cad_clientes_adsma2/clientes in the InnoDB data dictionary has tablespace id 36, but tablespace with that id or name does not exist. Have you deleted or moved .ibd files? This may also be a table created with CREATE TEMPORARY TABLE whose .ibd and .frm files MySQL automatically removed, but the table still exists in the InnoDB internal data dictionary.
InnoDB: Please refer to
InnoDB: http://dev.mysql.com/doc/refman/5.6/en/innodb-troubleshooting-datadict.html
InnoDB: for how to resolve the issue.
2026-08-14 14:06:44 15096 [ERROR] InnoDB: Table cad_clientes_adsma2/produtos in the InnoDB data dictionary has tablespace id 37, but tablespace with that id or name does not exist. Have you deleted or moved .ibd files? This may also be a table created with CREATE TEMPORARY TABLE whose .ibd and .frm files MySQL automatically removed, but the table still exists in the InnoDB internal data dictionary.
InnoDB: Please refer to
InnoDB: http://dev.mysql.com/doc/refman/5.6/en/innodb-troubleshooting-datadict.html
InnoDB: for how to resolve the issue.
2026-08-14 14:06:44 15096 [ERROR] InnoDB: Table cad_clientes_adsma2/tb_clientes in the InnoDB data dictionary has tablespace id 32, but tablespace with that id or name does not exist. Have you deleted or moved .ibd files? This may also be a table created with CREATE TEMPORARY TABLE whose .ibd and .frm files MySQL automatically removed, but the table still exists in the InnoDB internal data dictionary.
InnoDB: Please refer to
InnoDB: http://dev.mysql.com/doc/refman/5.6/en/innodb-troubleshooting-datadict.html
InnoDB: for how to resolve the issue.
2026-08-14 14:06:44 15096 [ERROR] InnoDB: Table cadastro_2dsm/tb_cad in the InnoDB data dictionary has tablespace id 26, but tablespace with that id or name does not exist. Have you deleted or moved .ibd files? This may also be a table created with CREATE TEMPORARY TABLE whose .ibd and .frm files MySQL automatically removed, but the table still exists in the InnoDB internal data dictionary.
InnoDB: Please refer to
InnoDB: http://dev.mysql.com/doc/refman/5.6/en/innodb-troubleshooting-datadict.html
InnoDB: for how to resolve the issue.
2026-08-14 14:06:44 15096 [ERROR] InnoDB: Table cadastro_2dsm/tb_cadastro in the InnoDB data dictionary has tablespace id 20, but tablespace with that id or name does not exist. Have you deleted or moved .ibd files? This may also be a table created with CREATE TEMPORARY TABLE whose .ibd and .frm files MySQL automatically removed, but the table still exists in the InnoDB internal data dictionary.
InnoDB: Please refer to
InnoDB: http://dev.mysql.com/doc/refman/5.6/en/innodb-troubleshooting-datadict.html
InnoDB: for how to resolve the issue.
2026-08-14 14:06:44 15096 [ERROR] InnoDB: Table cadastro_adsva4/tb_cadastro in the InnoDB data dictionary has tablespace id 17, but tablespace with that id or name does not exist. Have you deleted or moved .ibd files? This may also be a table created with CREATE TEMPORARY TABLE whose .ibd and .frm files MySQL automatically removed, but the table still exists in the InnoDB internal data dictionary.
InnoDB: Please refer to
InnoDB: http://dev.mysql.com/doc/refman/5.6/en/innodb-troubleshooting-datadict.html
InnoDB: for how to resolve the issue.
2026-08-14 14:06:44 15096 [ERROR] InnoDB: Table cadastro_clientes/tb_cadastro in the InnoDB data dictionary has tablespace id 29, but tablespace with that id or name does not exist. Have you deleted or moved .ibd files? This may also be a table created with CREATE TEMPORARY TABLE whose .ibd and .frm files MySQL automatically removed, but the table still exists in the InnoDB internal data dictionary.
InnoDB: Please refer to
InnoDB: http://dev.mysql.com/doc/refman/5.6/en/innodb-troubleshooting-datadict.html
InnoDB: for how to resolve the issue.
2026-08-14 14:06:44 15096 [ERROR] InnoDB: Table cadastro_clientes/tb_clientes in the InnoDB data dictionary has tablespace id 23, but tablespace with that id or name does not exist. Have you deleted or moved .ibd files? This may also be a table created with CREATE TEMPORARY TABLE whose .ibd and .frm files MySQL automatically removed, but the table still exists in the InnoDB internal data dictionary.
InnoDB: Please refer to
InnoDB: http://dev.mysql.com/doc/refman/5.6/en/innodb-troubleshooting-datadict.html
InnoDB: for how to resolve the issue.
2026-08-14 14:06:44 15096 [ERROR] InnoDB: Table cadastro_clientes_adsva2/tb_clientes in the InnoDB data dictionary has tablespace id 30, but tablespace with that id or name does not exist. Have you deleted or moved .ibd files? This may also be a table created with CREATE TEMPORARY TABLE whose .ibd and .frm files MySQL automatically removed, but the table still exists in the InnoDB internal data dictionary.
InnoDB: Please refer to
InnoDB: http://dev.mysql.com/doc/refman/5.6/en/innodb-troubleshooting-datadict.html
InnoDB: for how to resolve the issue.
2026-08-14 14:06:44 15096 [ERROR] InnoDB: Table cadastro_contas/tb_login in the InnoDB data dictionary has tablespace id 27, but tablespace with that id or name does not exist. Have you deleted or moved .ibd files? This may also be a table created with CREATE TEMPORARY TABLE whose .ibd and .frm files MySQL automatically removed, but the table still exists in the InnoDB internal data dictionary.
InnoDB: Please refer to
InnoDB: http://dev.mysql.com/doc/refman/5.6/en/innodb-troubleshooting-datadict.html
InnoDB: for how to resolve the issue.
2026-08-14 14:06:44 15096 [ERROR] InnoDB: Table cadastro_dsm/tb_login in the InnoDB data dictionary has tablespace id 19, but tablespace with that id or name does not exist. Have you deleted or moved .ibd files? This may also be a table created with CREATE TEMPORARY TABLE whose .ibd and .frm files MySQL automatically removed, but the table still exists in the InnoDB internal data dictionary.
InnoDB: Please refer to
InnoDB: http://dev.mysql.com/doc/refman/5.6/en/innodb-troubleshooting-datadict.html
InnoDB: for how to resolve the issue.
2026-08-14 14:06:44 15096 [ERROR] InnoDB: Table cadastro_produtos/cad_produto in the InnoDB data dictionary has tablespace id 24, but tablespace with that id or name does not exist. Have you deleted or moved .ibd files? This may also be a table created with CREATE TEMPORARY TABLE whose .ibd and .frm files MySQL automatically removed, but the table still exists in the InnoDB internal data dictionary.
InnoDB: Please refer to
InnoDB: http://dev.mysql.com/doc/refman/5.6/en/innodb-troubleshooting-datadict.html
InnoDB: for how to resolve the issue.
2026-08-14 14:06:44 15096 [ERROR] InnoDB: Table cliente/fornecedor in the InnoDB data dictionary has tablespace id 8, but tablespace with that id or name does not exist. Have you deleted or moved .ibd files? This may also be a table created with CREATE TEMPORARY TABLE whose .ibd and .frm files MySQL automatically removed, but the table still exists in the InnoDB internal data dictionary.
InnoDB: Please refer to
InnoDB: http://dev.mysql.com/doc/refman/5.6/en/innodb-troubleshooting-datadict.html
InnoDB: for how to resolve the issue.
2026-08-14 14:06:44 15096 [ERROR] InnoDB: Table cliente/funcionario in the InnoDB data dictionary has tablespace id 13, but tablespace with that id or name does not exist. Have you deleted or moved .ibd files? This may also be a table created with CREATE TEMPORARY TABLE whose .ibd and .frm files MySQL automatically removed, but the table still exists in the InnoDB internal data dictionary.
InnoDB: Please refer to
InnoDB: http://dev.mysql.com/doc/refman/5.6/en/innodb-troubleshooting-datadict.html
InnoDB: for how to resolve the issue.
2026-08-14 14:06:44 15096 [ERROR] InnoDB: Table cliente/produto in the InnoDB data dictionary has tablespace id 12, but tablespace with that id or name does not exist. Have you deleted or moved .ibd files? This may also be a table created with CREATE TEMPORARY TABLE whose .ibd and .frm files MySQL automatically removed, but the table still exists in the InnoDB internal data dictionary.
InnoDB: Please refer to
InnoDB: http://dev.mysql.com/doc/refman/5.6/en/innodb-troubleshooting-datadict.html
InnoDB: for how to resolve the issue.
2026-08-14 14:06:44 15096 [ERROR] InnoDB: Table cliente/vendas in the InnoDB data dictionary has tablespace id 11, but tablespace with that id or name does not exist. Have you deleted or moved .ibd files? This may also be a table created with CREATE TEMPORARY TABLE whose .ibd and .frm files MySQL automatically removed, but the table still exists in the InnoDB internal data dictionary.
InnoDB: Please refer to
InnoDB: http://dev.mysql.com/doc/refman/5.6/en/innodb-troubleshooting-datadict.html
InnoDB: for how to resolve the issue.
2026-08-14 14:06:44 15096 [ERROR] InnoDB: Table cliente1/alunos in the InnoDB data dictionary has tablespace id 14, but tablespace with that id or name does not exist. Have you deleted or moved .ibd files? This may also be a table created with CREATE TEMPORARY TABLE whose .ibd and .frm files MySQL automatically removed, but the table still exists in the InnoDB internal data dictionary.
InnoDB: Please refer to
InnoDB: http://dev.mysql.com/doc/refman/5.6/en/innodb-troubleshooting-datadict.html
InnoDB: for how to resolve the issue.
2026-08-14 14:06:44 15096 [ERROR] InnoDB: Table dsm_cadastro/tb_cadastro in the InnoDB data dictionary has tablespace id 21, but tablespace with that id or name does not exist. Have you deleted or moved .ibd files? This may also be a table created with CREATE TEMPORARY TABLE whose .ibd and .frm files MySQL automatically removed, but the table still exists in the InnoDB internal data dictionary.
InnoDB: Please refer to
InnoDB: http://dev.mysql.com/doc/refman/5.6/en/innodb-troubleshooting-datadict.html
InnoDB: for how to resolve the issue.
2026-08-14 14:06:44 15096 [ERROR] InnoDB: Table escola/alunos in the InnoDB data dictionary has tablespace id 15, but tablespace with that id or name does not exist. Have you deleted or moved .ibd files? This may also be a table created with CREATE TEMPORARY TABLE whose .ibd and .frm files MySQL automatically removed, but the table still exists in the InnoDB internal data dictionary.
InnoDB: Please refer to
InnoDB: http://dev.mysql.com/doc/refman/5.6/en/innodb-troubleshooting-datadict.html
InnoDB: for how to resolve the issue.
2026-08-14 14:06:44 15096 [ERROR] InnoDB: Table escola/funcionarios in the InnoDB data dictionary has tablespace id 16, but tablespace with that id or name does not exist. Have you deleted or moved .ibd files? This may also be a table created with CREATE TEMPORARY TABLE whose .ibd and .frm files MySQL automatically removed, but the table still exists in the InnoDB internal data dictionary.
InnoDB: Please refer to
InnoDB: http://dev.mysql.com/doc/refman/5.6/en/innodb-troubleshooting-datadict.html
InnoDB: for how to resolve the issue.
2026-08-14 14:06:44 15096 [ERROR] InnoDB: Table israel/tb_israel in the InnoDB data dictionary has tablespace id 22, but tablespace with that id or name does not exist. Have you deleted or moved .ibd files? This may also be a table created with CREATE TEMPORARY TABLE whose .ibd and .frm files MySQL automatically removed, but the table still exists in the InnoDB internal data dictionary.
InnoDB: Please refer to
InnoDB: http://dev.mysql.com/doc/refman/5.6/en/innodb-troubleshooting-datadict.html
InnoDB: for how to resolve the issue.
2026-08-14 14:06:44 15096 [ERROR] InnoDB: Table login/tb_login in the InnoDB data dictionary has tablespace id 31, but tablespace with that id or name does not exist. Have you deleted or moved .ibd files? This may also be a table created with CREATE TEMPORARY TABLE whose .ibd and .frm files MySQL automatically removed, but the table still exists in the InnoDB internal data dictionary.
InnoDB: Please refer to
InnoDB: http://dev.mysql.com/doc/refman/5.6/en/innodb-troubleshooting-datadict.html
InnoDB: for how to resolve the issue.
2026-08-14 14:06:44 15096 [Note] InnoDB: 128 rollback segment(s) are active.
2026-08-14 14:06:44 15096 [Note] InnoDB: Waiting for purge to start
2026-08-14 14:06:44 15096 [Note] InnoDB: 5.6.13 started; log sequence number 2024041
2026-08-14 14:06:44 15096 [ERROR] InnoDB: Failed to find tablespace for table '"cad_clientes_adsma2"."tb_clientes"' in the cache. Attempting to load the tablespace with space id 32.
2026-08-14 14:06:44 37f0  InnoDB: Operating system error number 3 in a file operation.
InnoDB: The error means the system cannot find the path specified.
2026-08-14 14:06:44 15096 [ERROR] InnoDB: Could not find a valid tablespace file for 'cad_clientes_adsma2/tb_clientes'. See http://dev.mysql.com/doc/refman/5.6/en/innodb-troubleshooting-datadict.html for how to resolve the issue.
2026-08-14 14:06:45 15096 [ERROR] InnoDB: Failed to find tablespace for table '"login"."tb_login"' in the cache. Attempting to load the tablespace with space id 31.
2026-08-14 14:06:45 37f0  InnoDB: Operating system error number 3 in a file operation.
InnoDB: The error means the system cannot find the path specified.
2026-08-14 14:06:45 15096 [ERROR] InnoDB: Could not find a valid tablespace file for 'login/tb_login'. See http://dev.mysql.com/doc/refman/5.6/en/innodb-troubleshooting-datadict.html for how to resolve the issue.
2026-08-14 14:06:45 15096 [ERROR] InnoDB: Failed to find tablespace for table '"cadastro_clientes"."tb_cadastro"' in the cache. Attempting to load the tablespace with space id 29.
2026-08-14 14:06:45 37f0  InnoDB: Operating system error number 3 in a file operation.
InnoDB: The error means the system cannot find the path specified.
2026-08-14 14:06:45 15096 [ERROR] InnoDB: Could not find a valid tablespace file for 'cadastro_clientes/tb_cadastro'. See http://dev.mysql.com/doc/refman/5.6/en/innodb-troubleshooting-datadict.html for how to resolve the issue.
2026-08-14 14:06:45 15096 [ERROR] InnoDB: Failed to find tablespace for table '"cad_clientes"."tb_clientes"' in the cache. Attempting to load the tablespace with space id 28.
2026-08-14 14:06:45 37f0  InnoDB: Operating system error number 3 in a file operation.
InnoDB: The error means the system cannot find the path specified.
2026-08-14 14:06:45 15096 [ERROR] InnoDB: Could not find a valid tablespace file for 'cad_clientes/tb_clientes'. See http://dev.mysql.com/doc/refman/5.6/en/innodb-troubleshooting-datadict.html for how to resolve the issue.
2026-08-14 14:06:45 15096 [ERROR] InnoDB: Failed to find tablespace for table '"cadastro_contas"."tb_login"' in the cache. Attempting to load the tablespace with space id 27.
2026-08-14 14:06:45 37f0  InnoDB: Operating system error number 3 in a file operation.
InnoDB: The error means the system cannot find the path specified.
2026-08-14 14:06:45 15096 [ERROR] InnoDB: Could not find a valid tablespace file for 'cadastro_contas/tb_login'. See http://dev.mysql.com/doc/refman/5.6/en/innodb-troubleshooting-datadict.html for how to resolve the issue.
2026-08-14 14:06:45 15096 [ERROR] InnoDB: Failed to find tablespace for table '"cadastro_dsm"."tb_login"' in the cache. Attempting to load the tablespace with space id 19.
2026-08-14 14:06:45 37f0  InnoDB: Operating system error number 3 in a file operation.
InnoDB: The error means the system cannot find the path specified.
2026-08-14 14:06:45 15096 [ERROR] InnoDB: Could not find a valid tablespace file for 'cadastro_dsm/tb_login'. See http://dev.mysql.com/doc/refman/5.6/en/innodb-troubleshooting-datadict.html for how to resolve the issue.
2026-08-14 14:06:45 15096 [ERROR] InnoDB: Failed to find tablespace for table '"cadastro_adsva4"."tb_cadastro"' in the cache. Attempting to load the tablespace with space id 17.
2026-08-14 14:06:45 37f0  InnoDB: Operating system error number 3 in a file operation.
InnoDB: The error means the system cannot find the path specified.
2026-08-14 14:06:45 15096 [ERROR] InnoDB: Could not find a valid tablespace file for 'cadastro_adsva4/tb_cadastro'. See http://dev.mysql.com/doc/refman/5.6/en/innodb-troubleshooting-datadict.html for how to resolve the issue.
2026-08-14 14:06:45 15096 [Note] Server hostname (bind-address): '*'; port: 3307
2026-08-14 14:06:45 15096 [Note] IPv6 is available.
2026-08-14 14:06:45 15096 [Note]   - '::' resolves to '::';
2026-08-14 14:06:45 15096 [Note] Server socket created on IP: '::'.
2026-08-14 14:06:47 15096 [Note] Event Scheduler: Loaded 0 events
2026-08-14 14:06:47 15096 [Note] D:\DADOS\20252S\usbwebserver/mysql/bin/mysqld_usbwv8.exe: ready for connections.
Version: '5.6.13'  socket: ''  port: 3307  MySQL Community Server (GPL)
