2022-08-15 19:26:42 7164 [Note] Plugin 'FEDERATED' is disabled.
2022-08-15 19:26:42 7164 [Note] InnoDB: The InnoDB memory heap is disabled
2022-08-15 19:26:42 7164 [Note] InnoDB: Mutexes and rw_locks use Windows interlocked functions
2022-08-15 19:26:42 7164 [Note] InnoDB: Compressed tables use zlib 1.2.3
2022-08-15 19:26:42 7164 [Note] InnoDB: Not using CPU crc32 instructions
2022-08-15 19:26:42 7164 [Note] InnoDB: Initializing buffer pool, size = 128.0M
2022-08-15 19:26:42 7164 [Note] InnoDB: Completed initialization of buffer pool
2022-08-15 19:26:42 7164 [Note] InnoDB: Highest supported file format is Barracuda.
2022-08-15 19:26:42 7164 [Note] InnoDB: The log sequence numbers 1626134 and 1626134 in ibdata files do not match the log sequence number 1775639 in the ib_logfiles!
2022-08-15 19:26:42 7164 [Note] InnoDB: Database was not shutdown normally!
2022-08-15 19:26:42 7164 [Note] InnoDB: Starting crash recovery.
2022-08-15 19:26:42 7164 [Note] InnoDB: Reading tablespace information from the .ibd files...
2022-08-15 19:26:42 7164 [Note] InnoDB: Restoring possible half-written data pages 
2022-08-15 19:26:42 7164 [Note] InnoDB: from the doublewrite buffer...
2022-08-15 19:26:42 7164 [ERROR] InnoDB: Table aula1/alunos in the InnoDB data dictionary has tablespace id 10, but tablespace with that id or name does not exist. Have you deleted or moved .ibd files? This may also be a table created with CREATE TEMPORARY TABLE whose .ibd and .frm files MySQL automatically removed, but the table still exists in the InnoDB internal data dictionary.
InnoDB: Please refer to
InnoDB: http://dev.mysql.com/doc/refman/5.6/en/innodb-troubleshooting-datadict.html
InnoDB: for how to resolve the issue.
2022-08-15 19:26:42 7164 [ERROR] InnoDB: Table cliente/fornecedor in the InnoDB data dictionary has tablespace id 8, but tablespace with that id or name does not exist. Have you deleted or moved .ibd files? This may also be a table created with CREATE TEMPORARY TABLE whose .ibd and .frm files MySQL automatically removed, but the table still exists in the InnoDB internal data dictionary.
InnoDB: Please refer to
InnoDB: http://dev.mysql.com/doc/refman/5.6/en/innodb-troubleshooting-datadict.html
InnoDB: for how to resolve the issue.
2022-08-15 19:26:42 7164 [ERROR] InnoDB: Table cliente/funcionario in the InnoDB data dictionary has tablespace id 13, but tablespace with that id or name does not exist. Have you deleted or moved .ibd files? This may also be a table created with CREATE TEMPORARY TABLE whose .ibd and .frm files MySQL automatically removed, but the table still exists in the InnoDB internal data dictionary.
InnoDB: Please refer to
InnoDB: http://dev.mysql.com/doc/refman/5.6/en/innodb-troubleshooting-datadict.html
InnoDB: for how to resolve the issue.
2022-08-15 19:26:42 7164 [ERROR] InnoDB: Table cliente/produto in the InnoDB data dictionary has tablespace id 12, but tablespace with that id or name does not exist. Have you deleted or moved .ibd files? This may also be a table created with CREATE TEMPORARY TABLE whose .ibd and .frm files MySQL automatically removed, but the table still exists in the InnoDB internal data dictionary.
InnoDB: Please refer to
InnoDB: http://dev.mysql.com/doc/refman/5.6/en/innodb-troubleshooting-datadict.html
InnoDB: for how to resolve the issue.
2022-08-15 19:26:42 7164 [ERROR] InnoDB: Table cliente/vendas in the InnoDB data dictionary has tablespace id 11, but tablespace with that id or name does not exist. Have you deleted or moved .ibd files? This may also be a table created with CREATE TEMPORARY TABLE whose .ibd and .frm files MySQL automatically removed, but the table still exists in the InnoDB internal data dictionary.
InnoDB: Please refer to
InnoDB: http://dev.mysql.com/doc/refman/5.6/en/innodb-troubleshooting-datadict.html
InnoDB: for how to resolve the issue.
2022-08-15 19:26:42 7164 [ERROR] InnoDB: Table cliente1/alunos in the InnoDB data dictionary has tablespace id 14, but tablespace with that id or name does not exist. Have you deleted or moved .ibd files? This may also be a table created with CREATE TEMPORARY TABLE whose .ibd and .frm files MySQL automatically removed, but the table still exists in the InnoDB internal data dictionary.
InnoDB: Please refer to
InnoDB: http://dev.mysql.com/doc/refman/5.6/en/innodb-troubleshooting-datadict.html
InnoDB: for how to resolve the issue.
2022-08-15 19:26:42 7164 [ERROR] InnoDB: Table escola/alunos in the InnoDB data dictionary has tablespace id 15, but tablespace with that id or name does not exist. Have you deleted or moved .ibd files? This may also be a table created with CREATE TEMPORARY TABLE whose .ibd and .frm files MySQL automatically removed, but the table still exists in the InnoDB internal data dictionary.
InnoDB: Please refer to
InnoDB: http://dev.mysql.com/doc/refman/5.6/en/innodb-troubleshooting-datadict.html
InnoDB: for how to resolve the issue.
2022-08-15 19:26:42 7164 [ERROR] InnoDB: Table escola/funcionarios in the InnoDB data dictionary has tablespace id 16, but tablespace with that id or name does not exist. Have you deleted or moved .ibd files? This may also be a table created with CREATE TEMPORARY TABLE whose .ibd and .frm files MySQL automatically removed, but the table still exists in the InnoDB internal data dictionary.
InnoDB: Please refer to
InnoDB: http://dev.mysql.com/doc/refman/5.6/en/innodb-troubleshooting-datadict.html
InnoDB: for how to resolve the issue.
2022-08-15 19:26:42 7164 [Note] InnoDB: 128 rollback segment(s) are active.
2022-08-15 19:26:42 7164 [Note] InnoDB: Waiting for purge to start
2022-08-15 19:26:42 7164 [Note] InnoDB: 5.6.13 started; log sequence number 1775639
2022-08-15 19:26:42 7164 [Note] Server hostname (bind-address): '*'; port: 3307
2022-08-15 19:26:42 7164 [Note] IPv6 is available.
2022-08-15 19:26:42 7164 [Note]   - '::' resolves to '::';
2022-08-15 19:26:42 7164 [Note] Server socket created on IP: '::'.
2022-08-15 19:33:32 14936 [Note] Plugin 'FEDERATED' is disabled.
2022-08-15 19:33:32 14936 [Note] InnoDB: The InnoDB memory heap is disabled
2022-08-15 19:33:32 14936 [Note] InnoDB: Mutexes and rw_locks use Windows interlocked functions
2022-08-15 19:33:32 14936 [Note] InnoDB: Compressed tables use zlib 1.2.3
2022-08-15 19:33:32 14936 [Note] InnoDB: Not using CPU crc32 instructions
2022-08-15 19:33:32 14936 [Note] InnoDB: Initializing buffer pool, size = 128.0M
2022-08-15 19:33:32 14936 [Note] InnoDB: Completed initialization of buffer pool
2022-08-15 19:33:32 14936 [Note] InnoDB: Highest supported file format is Barracuda.
2022-08-15 19:33:32 14936 [Note] InnoDB: The log sequence numbers 1626134 and 1626134 in ibdata files do not match the log sequence number 1775649 in the ib_logfiles!
2022-08-15 19:33:32 14936 [Note] InnoDB: Database was not shutdown normally!
2022-08-15 19:33:32 14936 [Note] InnoDB: Starting crash recovery.
2022-08-15 19:33:32 14936 [Note] InnoDB: Reading tablespace information from the .ibd files...
2022-08-15 19:33:32 14936 [Note] InnoDB: Restoring possible half-written data pages 
2022-08-15 19:33:32 14936 [Note] InnoDB: from the doublewrite buffer...
2022-08-15 19:33:32 14936 [ERROR] InnoDB: Table aula1/alunos in the InnoDB data dictionary has tablespace id 10, but tablespace with that id or name does not exist. Have you deleted or moved .ibd files? This may also be a table created with CREATE TEMPORARY TABLE whose .ibd and .frm files MySQL automatically removed, but the table still exists in the InnoDB internal data dictionary.
InnoDB: Please refer to
InnoDB: http://dev.mysql.com/doc/refman/5.6/en/innodb-troubleshooting-datadict.html
InnoDB: for how to resolve the issue.
2022-08-15 19:33:32 14936 [ERROR] InnoDB: Table cliente/fornecedor in the InnoDB data dictionary has tablespace id 8, but tablespace with that id or name does not exist. Have you deleted or moved .ibd files? This may also be a table created with CREATE TEMPORARY TABLE whose .ibd and .frm files MySQL automatically removed, but the table still exists in the InnoDB internal data dictionary.
InnoDB: Please refer to
InnoDB: http://dev.mysql.com/doc/refman/5.6/en/innodb-troubleshooting-datadict.html
InnoDB: for how to resolve the issue.
2022-08-15 19:33:32 14936 [ERROR] InnoDB: Table cliente/funcionario in the InnoDB data dictionary has tablespace id 13, but tablespace with that id or name does not exist. Have you deleted or moved .ibd files? This may also be a table created with CREATE TEMPORARY TABLE whose .ibd and .frm files MySQL automatically removed, but the table still exists in the InnoDB internal data dictionary.
InnoDB: Please refer to
InnoDB: http://dev.mysql.com/doc/refman/5.6/en/innodb-troubleshooting-datadict.html
InnoDB: for how to resolve the issue.
2022-08-15 19:33:32 14936 [ERROR] InnoDB: Table cliente/produto in the InnoDB data dictionary has tablespace id 12, but tablespace with that id or name does not exist. Have you deleted or moved .ibd files? This may also be a table created with CREATE TEMPORARY TABLE whose .ibd and .frm files MySQL automatically removed, but the table still exists in the InnoDB internal data dictionary.
InnoDB: Please refer to
InnoDB: http://dev.mysql.com/doc/refman/5.6/en/innodb-troubleshooting-datadict.html
InnoDB: for how to resolve the issue.
2022-08-15 19:33:32 14936 [ERROR] InnoDB: Table cliente/vendas in the InnoDB data dictionary has tablespace id 11, but tablespace with that id or name does not exist. Have you deleted or moved .ibd files? This may also be a table created with CREATE TEMPORARY TABLE whose .ibd and .frm files MySQL automatically removed, but the table still exists in the InnoDB internal data dictionary.
InnoDB: Please refer to
InnoDB: http://dev.mysql.com/doc/refman/5.6/en/innodb-troubleshooting-datadict.html
InnoDB: for how to resolve the issue.
2022-08-15 19:33:32 14936 [ERROR] InnoDB: Table cliente1/alunos in the InnoDB data dictionary has tablespace id 14, but tablespace with that id or name does not exist. Have you deleted or moved .ibd files? This may also be a table created with CREATE TEMPORARY TABLE whose .ibd and .frm files MySQL automatically removed, but the table still exists in the InnoDB internal data dictionary.
InnoDB: Please refer to
InnoDB: http://dev.mysql.com/doc/refman/5.6/en/innodb-troubleshooting-datadict.html
InnoDB: for how to resolve the issue.
2022-08-15 19:33:32 14936 [ERROR] InnoDB: Table escola/alunos in the InnoDB data dictionary has tablespace id 15, but tablespace with that id or name does not exist. Have you deleted or moved .ibd files? This may also be a table created with CREATE TEMPORARY TABLE whose .ibd and .frm files MySQL automatically removed, but the table still exists in the InnoDB internal data dictionary.
InnoDB: Please refer to
InnoDB: http://dev.mysql.com/doc/refman/5.6/en/innodb-troubleshooting-datadict.html
InnoDB: for how to resolve the issue.
2022-08-15 19:33:32 14936 [ERROR] InnoDB: Table escola/funcionarios in the InnoDB data dictionary has tablespace id 16, but tablespace with that id or name does not exist. Have you deleted or moved .ibd files? This may also be a table created with CREATE TEMPORARY TABLE whose .ibd and .frm files MySQL automatically removed, but the table still exists in the InnoDB internal data dictionary.
InnoDB: Please refer to
InnoDB: http://dev.mysql.com/doc/refman/5.6/en/innodb-troubleshooting-datadict.html
InnoDB: for how to resolve the issue.
2022-08-15 19:33:32 14936 [Note] InnoDB: 128 rollback segment(s) are active.
2022-08-15 19:33:32 14936 [Note] InnoDB: Waiting for purge to start
2022-08-15 19:33:32 14936 [Note] InnoDB: 5.6.13 started; log sequence number 1775649
2022-08-15 19:33:32 14936 [Note] Server hostname (bind-address): '*'; port: 3307
2022-08-15 19:33:32 14936 [Note] IPv6 is available.
2022-08-15 19:33:32 14936 [Note]   - '::' resolves to '::';
2022-08-15 19:33:32 14936 [Note] Server socket created on IP: '::'.
2022-08-15 19:39:13 3168 [Note] Plugin 'FEDERATED' is disabled.
2022-08-15 19:39:13 3168 [Note] InnoDB: The InnoDB memory heap is disabled
2022-08-15 19:39:13 3168 [Note] InnoDB: Mutexes and rw_locks use Windows interlocked functions
2022-08-15 19:39:13 3168 [Note] InnoDB: Compressed tables use zlib 1.2.3
2022-08-15 19:39:13 3168 [Note] InnoDB: Not using CPU crc32 instructions
2022-08-15 19:39:13 3168 [Note] InnoDB: Initializing buffer pool, size = 128.0M
2022-08-15 19:39:13 3168 [Note] InnoDB: Completed initialization of buffer pool
2022-08-15 19:39:13 3168 [Note] InnoDB: Highest supported file format is Barracuda.
2022-08-15 19:39:13 3168 [Note] InnoDB: The log sequence numbers 1626134 and 1626134 in ibdata files do not match the log sequence number 1775659 in the ib_logfiles!
2022-08-15 19:39:13 3168 [Note] InnoDB: Database was not shutdown normally!
2022-08-15 19:39:13 3168 [Note] InnoDB: Starting crash recovery.
2022-08-15 19:39:13 3168 [Note] InnoDB: Reading tablespace information from the .ibd files...
2022-08-15 19:39:13 3168 [Note] InnoDB: Restoring possible half-written data pages 
2022-08-15 19:39:13 3168 [Note] InnoDB: from the doublewrite buffer...
2022-08-15 19:39:13 3168 [ERROR] InnoDB: Table aula1/alunos in the InnoDB data dictionary has tablespace id 10, but tablespace with that id or name does not exist. Have you deleted or moved .ibd files? This may also be a table created with CREATE TEMPORARY TABLE whose .ibd and .frm files MySQL automatically removed, but the table still exists in the InnoDB internal data dictionary.
InnoDB: Please refer to
InnoDB: http://dev.mysql.com/doc/refman/5.6/en/innodb-troubleshooting-datadict.html
InnoDB: for how to resolve the issue.
2022-08-15 19:39:13 3168 [ERROR] InnoDB: Table cliente/fornecedor in the InnoDB data dictionary has tablespace id 8, but tablespace with that id or name does not exist. Have you deleted or moved .ibd files? This may also be a table created with CREATE TEMPORARY TABLE whose .ibd and .frm files MySQL automatically removed, but the table still exists in the InnoDB internal data dictionary.
InnoDB: Please refer to
InnoDB: http://dev.mysql.com/doc/refman/5.6/en/innodb-troubleshooting-datadict.html
InnoDB: for how to resolve the issue.
2022-08-15 19:39:13 3168 [ERROR] InnoDB: Table cliente/funcionario in the InnoDB data dictionary has tablespace id 13, but tablespace with that id or name does not exist. Have you deleted or moved .ibd files? This may also be a table created with CREATE TEMPORARY TABLE whose .ibd and .frm files MySQL automatically removed, but the table still exists in the InnoDB internal data dictionary.
InnoDB: Please refer to
InnoDB: http://dev.mysql.com/doc/refman/5.6/en/innodb-troubleshooting-datadict.html
InnoDB: for how to resolve the issue.
2022-08-15 19:39:13 3168 [ERROR] InnoDB: Table cliente/produto in the InnoDB data dictionary has tablespace id 12, but tablespace with that id or name does not exist. Have you deleted or moved .ibd files? This may also be a table created with CREATE TEMPORARY TABLE whose .ibd and .frm files MySQL automatically removed, but the table still exists in the InnoDB internal data dictionary.
InnoDB: Please refer to
InnoDB: http://dev.mysql.com/doc/refman/5.6/en/innodb-troubleshooting-datadict.html
InnoDB: for how to resolve the issue.
2022-08-15 19:39:13 3168 [ERROR] InnoDB: Table cliente/vendas in the InnoDB data dictionary has tablespace id 11, but tablespace with that id or name does not exist. Have you deleted or moved .ibd files? This may also be a table created with CREATE TEMPORARY TABLE whose .ibd and .frm files MySQL automatically removed, but the table still exists in the InnoDB internal data dictionary.
InnoDB: Please refer to
InnoDB: http://dev.mysql.com/doc/refman/5.6/en/innodb-troubleshooting-datadict.html
InnoDB: for how to resolve the issue.
2022-08-15 19:39:13 3168 [ERROR] InnoDB: Table cliente1/alunos in the InnoDB data dictionary has tablespace id 14, but tablespace with that id or name does not exist. Have you deleted or moved .ibd files? This may also be a table created with CREATE TEMPORARY TABLE whose .ibd and .frm files MySQL automatically removed, but the table still exists in the InnoDB internal data dictionary.
InnoDB: Please refer to
InnoDB: http://dev.mysql.com/doc/refman/5.6/en/innodb-troubleshooting-datadict.html
InnoDB: for how to resolve the issue.
2022-08-15 19:39:13 3168 [ERROR] InnoDB: Table escola/alunos in the InnoDB data dictionary has tablespace id 15, but tablespace with that id or name does not exist. Have you deleted or moved .ibd files? This may also be a table created with CREATE TEMPORARY TABLE whose .ibd and .frm files MySQL automatically removed, but the table still exists in the InnoDB internal data dictionary.
InnoDB: Please refer to
InnoDB: http://dev.mysql.com/doc/refman/5.6/en/innodb-troubleshooting-datadict.html
InnoDB: for how to resolve the issue.
2022-08-15 19:39:13 3168 [ERROR] InnoDB: Table escola/funcionarios in the InnoDB data dictionary has tablespace id 16, but tablespace with that id or name does not exist. Have you deleted or moved .ibd files? This may also be a table created with CREATE TEMPORARY TABLE whose .ibd and .frm files MySQL automatically removed, but the table still exists in the InnoDB internal data dictionary.
InnoDB: Please refer to
InnoDB: http://dev.mysql.com/doc/refman/5.6/en/innodb-troubleshooting-datadict.html
InnoDB: for how to resolve the issue.
2022-08-15 19:39:13 3168 [Note] InnoDB: 128 rollback segment(s) are active.
2022-08-15 19:39:13 3168 [Note] InnoDB: Waiting for purge to start
2022-08-15 19:39:13 3168 [Note] InnoDB: 5.6.13 started; log sequence number 1775659
2022-08-15 19:39:13 3168 [Note] Server hostname (bind-address): '*'; port: 3307
2022-08-15 19:39:13 3168 [Note] IPv6 is available.
2022-08-15 19:39:13 3168 [Note]   - '::' resolves to '::';
2022-08-15 19:39:13 3168 [Note] Server socket created on IP: '::'.
2022-08-22 19:29:04 12508 [Note] Plugin 'FEDERATED' is disabled.
2022-08-22 19:29:04 12508 [Note] InnoDB: The InnoDB memory heap is disabled
2022-08-22 19:29:04 12508 [Note] InnoDB: Mutexes and rw_locks use Windows interlocked functions
2022-08-22 19:29:04 12508 [Note] InnoDB: Compressed tables use zlib 1.2.3
2022-08-22 19:29:04 12508 [Note] InnoDB: Not using CPU crc32 instructions
2022-08-22 19:29:04 12508 [Note] InnoDB: Initializing buffer pool, size = 128.0M
2022-08-22 19:29:04 12508 [Note] InnoDB: Completed initialization of buffer pool
2022-08-22 19:29:04 12508 [Note] InnoDB: Highest supported file format is Barracuda.
2022-08-22 19:29:04 12508 [Note] InnoDB: The log sequence numbers 1626134 and 1626134 in ibdata files do not match the log sequence number 1802885 in the ib_logfiles!
2022-08-22 19:29:04 12508 [Note] InnoDB: Database was not shutdown normally!
2022-08-22 19:29:04 12508 [Note] InnoDB: Starting crash recovery.
2022-08-22 19:29:04 12508 [Note] InnoDB: Reading tablespace information from the .ibd files...
2022-08-22 19:29:04 12508 [Note] InnoDB: Restoring possible half-written data pages 
2022-08-22 19:29:04 12508 [Note] InnoDB: from the doublewrite buffer...
2022-08-22 19:29:04 12508 [ERROR] InnoDB: Table aula1/alunos in the InnoDB data dictionary has tablespace id 10, but tablespace with that id or name does not exist. Have you deleted or moved .ibd files? This may also be a table created with CREATE TEMPORARY TABLE whose .ibd and .frm files MySQL automatically removed, but the table still exists in the InnoDB internal data dictionary.
InnoDB: Please refer to
InnoDB: http://dev.mysql.com/doc/refman/5.6/en/innodb-troubleshooting-datadict.html
InnoDB: for how to resolve the issue.
2022-08-22 19:29:04 12508 [ERROR] InnoDB: Table cliente/fornecedor in the InnoDB data dictionary has tablespace id 8, but tablespace with that id or name does not exist. Have you deleted or moved .ibd files? This may also be a table created with CREATE TEMPORARY TABLE whose .ibd and .frm files MySQL automatically removed, but the table still exists in the InnoDB internal data dictionary.
InnoDB: Please refer to
InnoDB: http://dev.mysql.com/doc/refman/5.6/en/innodb-troubleshooting-datadict.html
InnoDB: for how to resolve the issue.
2022-08-22 19:29:04 12508 [ERROR] InnoDB: Table cliente/funcionario in the InnoDB data dictionary has tablespace id 13, but tablespace with that id or name does not exist. Have you deleted or moved .ibd files? This may also be a table created with CREATE TEMPORARY TABLE whose .ibd and .frm files MySQL automatically removed, but the table still exists in the InnoDB internal data dictionary.
InnoDB: Please refer to
InnoDB: http://dev.mysql.com/doc/refman/5.6/en/innodb-troubleshooting-datadict.html
InnoDB: for how to resolve the issue.
2022-08-22 19:29:04 12508 [ERROR] InnoDB: Table cliente/produto in the InnoDB data dictionary has tablespace id 12, but tablespace with that id or name does not exist. Have you deleted or moved .ibd files? This may also be a table created with CREATE TEMPORARY TABLE whose .ibd and .frm files MySQL automatically removed, but the table still exists in the InnoDB internal data dictionary.
InnoDB: Please refer to
InnoDB: http://dev.mysql.com/doc/refman/5.6/en/innodb-troubleshooting-datadict.html
InnoDB: for how to resolve the issue.
2022-08-22 19:29:04 12508 [ERROR] InnoDB: Table cliente/vendas in the InnoDB data dictionary has tablespace id 11, but tablespace with that id or name does not exist. Have you deleted or moved .ibd files? This may also be a table created with CREATE TEMPORARY TABLE whose .ibd and .frm files MySQL automatically removed, but the table still exists in the InnoDB internal data dictionary.
InnoDB: Please refer to
InnoDB: http://dev.mysql.com/doc/refman/5.6/en/innodb-troubleshooting-datadict.html
InnoDB: for how to resolve the issue.
2022-08-22 19:29:04 12508 [ERROR] InnoDB: Table cliente1/alunos in the InnoDB data dictionary has tablespace id 14, but tablespace with that id or name does not exist. Have you deleted or moved .ibd files? This may also be a table created with CREATE TEMPORARY TABLE whose .ibd and .frm files MySQL automatically removed, but the table still exists in the InnoDB internal data dictionary.
InnoDB: Please refer to
InnoDB: http://dev.mysql.com/doc/refman/5.6/en/innodb-troubleshooting-datadict.html
InnoDB: for how to resolve the issue.
2022-08-22 19:29:04 12508 [ERROR] InnoDB: Table escola/alunos in the InnoDB data dictionary has tablespace id 15, but tablespace with that id or name does not exist. Have you deleted or moved .ibd files? This may also be a table created with CREATE TEMPORARY TABLE whose .ibd and .frm files MySQL automatically removed, but the table still exists in the InnoDB internal data dictionary.
InnoDB: Please refer to
InnoDB: http://dev.mysql.com/doc/refman/5.6/en/innodb-troubleshooting-datadict.html
InnoDB: for how to resolve the issue.
2022-08-22 19:29:04 12508 [ERROR] InnoDB: Table escola/funcionarios in the InnoDB data dictionary has tablespace id 16, but tablespace with that id or name does not exist. Have you deleted or moved .ibd files? This may also be a table created with CREATE TEMPORARY TABLE whose .ibd and .frm files MySQL automatically removed, but the table still exists in the InnoDB internal data dictionary.
InnoDB: Please refer to
InnoDB: http://dev.mysql.com/doc/refman/5.6/en/innodb-troubleshooting-datadict.html
InnoDB: for how to resolve the issue.
2022-08-22 19:29:04 12508 [Note] InnoDB: 128 rollback segment(s) are active.
2022-08-22 19:29:04 12508 [Note] InnoDB: Waiting for purge to start
2022-08-22 19:29:04 12508 [Note] InnoDB: 5.6.13 started; log sequence number 1802885
2022-08-22 19:29:04 12508 [Note] Server hostname (bind-address): '*'; port: 3307
2022-08-22 19:29:04 12508 [Note] IPv6 is available.
2022-08-22 19:29:04 12508 [Note]   - '::' resolves to '::';
2022-08-22 19:29:04 12508 [Note] Server socket created on IP: '::'.
2022-08-22 21:37:26 15084 [Note] Plugin 'FEDERATED' is disabled.
2022-08-22 21:37:26 15084 [Note] InnoDB: The InnoDB memory heap is disabled
2022-08-22 21:37:26 15084 [Note] InnoDB: Mutexes and rw_locks use Windows interlocked functions
2022-08-22 21:37:26 15084 [Note] InnoDB: Compressed tables use zlib 1.2.3
2022-08-22 21:37:26 15084 [Note] InnoDB: Not using CPU crc32 instructions
2022-08-22 21:37:26 15084 [Note] InnoDB: Initializing buffer pool, size = 128.0M
2022-08-22 21:37:26 15084 [Note] InnoDB: Completed initialization of buffer pool
2022-08-22 21:37:26 15084 [Note] InnoDB: Highest supported file format is Barracuda.
2022-08-22 21:37:26 15084 [Note] InnoDB: The log sequence numbers 1626134 and 1626134 in ibdata files do not match the log sequence number 1813173 in the ib_logfiles!
2022-08-22 21:37:26 15084 [Note] InnoDB: Database was not shutdown normally!
2022-08-22 21:37:26 15084 [Note] InnoDB: Starting crash recovery.
2022-08-22 21:37:26 15084 [Note] InnoDB: Reading tablespace information from the .ibd files...
2022-08-22 21:37:26 15084 [Note] InnoDB: Restoring possible half-written data pages 
2022-08-22 21:37:26 15084 [Note] InnoDB: from the doublewrite buffer...
2022-08-22 21:37:26 15084 [ERROR] InnoDB: Table aula1/alunos in the InnoDB data dictionary has tablespace id 10, but tablespace with that id or name does not exist. Have you deleted or moved .ibd files? This may also be a table created with CREATE TEMPORARY TABLE whose .ibd and .frm files MySQL automatically removed, but the table still exists in the InnoDB internal data dictionary.
InnoDB: Please refer to
InnoDB: http://dev.mysql.com/doc/refman/5.6/en/innodb-troubleshooting-datadict.html
InnoDB: for how to resolve the issue.
2022-08-22 21:37:26 15084 [ERROR] InnoDB: Table cliente/fornecedor in the InnoDB data dictionary has tablespace id 8, but tablespace with that id or name does not exist. Have you deleted or moved .ibd files? This may also be a table created with CREATE TEMPORARY TABLE whose .ibd and .frm files MySQL automatically removed, but the table still exists in the InnoDB internal data dictionary.
InnoDB: Please refer to
InnoDB: http://dev.mysql.com/doc/refman/5.6/en/innodb-troubleshooting-datadict.html
InnoDB: for how to resolve the issue.
2022-08-22 21:37:26 15084 [ERROR] InnoDB: Table cliente/funcionario in the InnoDB data dictionary has tablespace id 13, but tablespace with that id or name does not exist. Have you deleted or moved .ibd files? This may also be a table created with CREATE TEMPORARY TABLE whose .ibd and .frm files MySQL automatically removed, but the table still exists in the InnoDB internal data dictionary.
InnoDB: Please refer to
InnoDB: http://dev.mysql.com/doc/refman/5.6/en/innodb-troubleshooting-datadict.html
InnoDB: for how to resolve the issue.
2022-08-22 21:37:26 15084 [ERROR] InnoDB: Table cliente/produto in the InnoDB data dictionary has tablespace id 12, but tablespace with that id or name does not exist. Have you deleted or moved .ibd files? This may also be a table created with CREATE TEMPORARY TABLE whose .ibd and .frm files MySQL automatically removed, but the table still exists in the InnoDB internal data dictionary.
InnoDB: Please refer to
InnoDB: http://dev.mysql.com/doc/refman/5.6/en/innodb-troubleshooting-datadict.html
InnoDB: for how to resolve the issue.
2022-08-22 21:37:26 15084 [ERROR] InnoDB: Table cliente/vendas in the InnoDB data dictionary has tablespace id 11, but tablespace with that id or name does not exist. Have you deleted or moved .ibd files? This may also be a table created with CREATE TEMPORARY TABLE whose .ibd and .frm files MySQL automatically removed, but the table still exists in the InnoDB internal data dictionary.
InnoDB: Please refer to
InnoDB: http://dev.mysql.com/doc/refman/5.6/en/innodb-troubleshooting-datadict.html
InnoDB: for how to resolve the issue.
2022-08-22 21:37:26 15084 [ERROR] InnoDB: Table cliente1/alunos in the InnoDB data dictionary has tablespace id 14, but tablespace with that id or name does not exist. Have you deleted or moved .ibd files? This may also be a table created with CREATE TEMPORARY TABLE whose .ibd and .frm files MySQL automatically removed, but the table still exists in the InnoDB internal data dictionary.
InnoDB: Please refer to
InnoDB: http://dev.mysql.com/doc/refman/5.6/en/innodb-troubleshooting-datadict.html
InnoDB: for how to resolve the issue.
2022-08-22 21:37:26 15084 [ERROR] InnoDB: Table escola/alunos in the InnoDB data dictionary has tablespace id 15, but tablespace with that id or name does not exist. Have you deleted or moved .ibd files? This may also be a table created with CREATE TEMPORARY TABLE whose .ibd and .frm files MySQL automatically removed, but the table still exists in the InnoDB internal data dictionary.
InnoDB: Please refer to
InnoDB: http://dev.mysql.com/doc/refman/5.6/en/innodb-troubleshooting-datadict.html
InnoDB: for how to resolve the issue.
2022-08-22 21:37:26 15084 [ERROR] InnoDB: Table escola/funcionarios in the InnoDB data dictionary has tablespace id 16, but tablespace with that id or name does not exist. Have you deleted or moved .ibd files? This may also be a table created with CREATE TEMPORARY TABLE whose .ibd and .frm files MySQL automatically removed, but the table still exists in the InnoDB internal data dictionary.
InnoDB: Please refer to
InnoDB: http://dev.mysql.com/doc/refman/5.6/en/innodb-troubleshooting-datadict.html
InnoDB: for how to resolve the issue.
2022-08-22 21:37:26 15084 [Note] InnoDB: 128 rollback segment(s) are active.
2022-08-22 21:37:26 15084 [Note] InnoDB: Waiting for purge to start
2022-08-22 21:37:26 15084 [Note] InnoDB: 5.6.13 started; log sequence number 1813173
2022-08-22 21:37:26 15084 [Note] Server hostname (bind-address): '*'; port: 3307
2022-08-22 21:37:26 15084 [Note] IPv6 is available.
2022-08-22 21:37:26 15084 [Note]   - '::' resolves to '::';
2022-08-22 21:37:26 15084 [Note] Server socket created on IP: '::'.
2022-08-29 19:16:25 8180 [Note] Plugin 'FEDERATED' is disabled.
2022-08-29 19:16:25 8180 [Note] InnoDB: The InnoDB memory heap is disabled
2022-08-29 19:16:25 8180 [Note] InnoDB: Mutexes and rw_locks use Windows interlocked functions
2022-08-29 19:16:25 8180 [Note] InnoDB: Compressed tables use zlib 1.2.3
2022-08-29 19:16:25 8180 [Note] InnoDB: Not using CPU crc32 instructions
2022-08-29 19:16:25 8180 [Note] InnoDB: Initializing buffer pool, size = 128.0M
2022-08-29 19:16:25 8180 [Note] InnoDB: Completed initialization of buffer pool
2022-08-29 19:16:25 8180 [Note] InnoDB: Highest supported file format is Barracuda.
2022-08-29 19:16:25 8180 [Note] InnoDB: The log sequence numbers 1626134 and 1626134 in ibdata files do not match the log sequence number 1813183 in the ib_logfiles!
2022-08-29 19:16:25 8180 [Note] InnoDB: Database was not shutdown normally!
2022-08-29 19:16:25 8180 [Note] InnoDB: Starting crash recovery.
2022-08-29 19:16:25 8180 [Note] InnoDB: Reading tablespace information from the .ibd files...
2022-08-29 19:16:25 8180 [Note] InnoDB: Restoring possible half-written data pages 
2022-08-29 19:16:25 8180 [Note] InnoDB: from the doublewrite buffer...
2022-08-29 19:16:27 8180 [ERROR] InnoDB: Table aula1/alunos in the InnoDB data dictionary has tablespace id 10, but tablespace with that id or name does not exist. Have you deleted or moved .ibd files? This may also be a table created with CREATE TEMPORARY TABLE whose .ibd and .frm files MySQL automatically removed, but the table still exists in the InnoDB internal data dictionary.
InnoDB: Please refer to
InnoDB: http://dev.mysql.com/doc/refman/5.6/en/innodb-troubleshooting-datadict.html
InnoDB: for how to resolve the issue.
2022-08-29 19:16:27 8180 [ERROR] InnoDB: Table cliente/fornecedor in the InnoDB data dictionary has tablespace id 8, but tablespace with that id or name does not exist. Have you deleted or moved .ibd files? This may also be a table created with CREATE TEMPORARY TABLE whose .ibd and .frm files MySQL automatically removed, but the table still exists in the InnoDB internal data dictionary.
InnoDB: Please refer to
InnoDB: http://dev.mysql.com/doc/refman/5.6/en/innodb-troubleshooting-datadict.html
InnoDB: for how to resolve the issue.
2022-08-29 19:16:27 8180 [ERROR] InnoDB: Table cliente/funcionario in the InnoDB data dictionary has tablespace id 13, but tablespace with that id or name does not exist. Have you deleted or moved .ibd files? This may also be a table created with CREATE TEMPORARY TABLE whose .ibd and .frm files MySQL automatically removed, but the table still exists in the InnoDB internal data dictionary.
InnoDB: Please refer to
InnoDB: http://dev.mysql.com/doc/refman/5.6/en/innodb-troubleshooting-datadict.html
InnoDB: for how to resolve the issue.
2022-08-29 19:16:27 8180 [ERROR] InnoDB: Table cliente/produto in the InnoDB data dictionary has tablespace id 12, but tablespace with that id or name does not exist. Have you deleted or moved .ibd files? This may also be a table created with CREATE TEMPORARY TABLE whose .ibd and .frm files MySQL automatically removed, but the table still exists in the InnoDB internal data dictionary.
InnoDB: Please refer to
InnoDB: http://dev.mysql.com/doc/refman/5.6/en/innodb-troubleshooting-datadict.html
InnoDB: for how to resolve the issue.
2022-08-29 19:16:27 8180 [ERROR] InnoDB: Table cliente/vendas in the InnoDB data dictionary has tablespace id 11, but tablespace with that id or name does not exist. Have you deleted or moved .ibd files? This may also be a table created with CREATE TEMPORARY TABLE whose .ibd and .frm files MySQL automatically removed, but the table still exists in the InnoDB internal data dictionary.
InnoDB: Please refer to
InnoDB: http://dev.mysql.com/doc/refman/5.6/en/innodb-troubleshooting-datadict.html
InnoDB: for how to resolve the issue.
2022-08-29 19:16:27 8180 [ERROR] InnoDB: Table cliente1/alunos in the InnoDB data dictionary has tablespace id 14, but tablespace with that id or name does not exist. Have you deleted or moved .ibd files? This may also be a table created with CREATE TEMPORARY TABLE whose .ibd and .frm files MySQL automatically removed, but the table still exists in the InnoDB internal data dictionary.
InnoDB: Please refer to
InnoDB: http://dev.mysql.com/doc/refman/5.6/en/innodb-troubleshooting-datadict.html
InnoDB: for how to resolve the issue.
2022-08-29 19:16:27 8180 [ERROR] InnoDB: Table escola/alunos in the InnoDB data dictionary has tablespace id 15, but tablespace with that id or name does not exist. Have you deleted or moved .ibd files? This may also be a table created with CREATE TEMPORARY TABLE whose .ibd and .frm files MySQL automatically removed, but the table still exists in the InnoDB internal data dictionary.
InnoDB: Please refer to
InnoDB: http://dev.mysql.com/doc/refman/5.6/en/innodb-troubleshooting-datadict.html
InnoDB: for how to resolve the issue.
2022-08-29 19:16:27 8180 [ERROR] InnoDB: Table escola/funcionarios in the InnoDB data dictionary has tablespace id 16, but tablespace with that id or name does not exist. Have you deleted or moved .ibd files? This may also be a table created with CREATE TEMPORARY TABLE whose .ibd and .frm files MySQL automatically removed, but the table still exists in the InnoDB internal data dictionary.
InnoDB: Please refer to
InnoDB: http://dev.mysql.com/doc/refman/5.6/en/innodb-troubleshooting-datadict.html
InnoDB: for how to resolve the issue.
2022-08-29 19:16:27 8180 [Note] InnoDB: 128 rollback segment(s) are active.
2022-08-29 19:16:27 8180 [Note] InnoDB: Waiting for purge to start
2022-08-29 19:16:27 8180 [Note] InnoDB: 5.6.13 started; log sequence number 1813183
2022-08-29 19:16:27 8180 [Note] Server hostname (bind-address): '*'; port: 3307
2022-08-29 19:16:27 8180 [Note] IPv6 is available.
2022-08-29 19:16:27 8180 [Note]   - '::' resolves to '::';
2022-08-29 19:16:27 8180 [Note] Server socket created on IP: '::'.
2022-09-26 19:24:54 11564 [Note] Plugin 'FEDERATED' is disabled.
2022-09-26 19:24:54 11564 [Note] InnoDB: The InnoDB memory heap is disabled
2022-09-26 19:24:54 11564 [Note] InnoDB: Mutexes and rw_locks use Windows interlocked functions
2022-09-26 19:24:54 11564 [Note] InnoDB: Compressed tables use zlib 1.2.3
2022-09-26 19:24:54 11564 [Note] InnoDB: Not using CPU crc32 instructions
2022-09-26 19:24:54 11564 [Note] InnoDB: Initializing buffer pool, size = 128.0M
2022-09-26 19:24:54 11564 [Note] InnoDB: Completed initialization of buffer pool
2022-09-26 19:24:54 11564 [Note] InnoDB: Highest supported file format is Barracuda.
2022-09-26 19:24:54 11564 [Note] InnoDB: The log sequence numbers 1626134 and 1626134 in ibdata files do not match the log sequence number 1813341 in the ib_logfiles!
2022-09-26 19:24:54 11564 [Note] InnoDB: Database was not shutdown normally!
2022-09-26 19:24:54 11564 [Note] InnoDB: Starting crash recovery.
2022-09-26 19:24:54 11564 [Note] InnoDB: Reading tablespace information from the .ibd files...
2022-09-26 19:24:54 11564 [Note] InnoDB: Restoring possible half-written data pages 
2022-09-26 19:24:54 11564 [Note] InnoDB: from the doublewrite buffer...
2022-09-26 19:24:55 11564 [ERROR] InnoDB: Table aula1/alunos in the InnoDB data dictionary has tablespace id 10, but tablespace with that id or name does not exist. Have you deleted or moved .ibd files? This may also be a table created with CREATE TEMPORARY TABLE whose .ibd and .frm files MySQL automatically removed, but the table still exists in the InnoDB internal data dictionary.
InnoDB: Please refer to
InnoDB: http://dev.mysql.com/doc/refman/5.6/en/innodb-troubleshooting-datadict.html
InnoDB: for how to resolve the issue.
2022-09-26 19:24:55 11564 [ERROR] InnoDB: Table cliente/fornecedor in the InnoDB data dictionary has tablespace id 8, but tablespace with that id or name does not exist. Have you deleted or moved .ibd files? This may also be a table created with CREATE TEMPORARY TABLE whose .ibd and .frm files MySQL automatically removed, but the table still exists in the InnoDB internal data dictionary.
InnoDB: Please refer to
InnoDB: http://dev.mysql.com/doc/refman/5.6/en/innodb-troubleshooting-datadict.html
InnoDB: for how to resolve the issue.
2022-09-26 19:24:55 11564 [ERROR] InnoDB: Table cliente/funcionario in the InnoDB data dictionary has tablespace id 13, but tablespace with that id or name does not exist. Have you deleted or moved .ibd files? This may also be a table created with CREATE TEMPORARY TABLE whose .ibd and .frm files MySQL automatically removed, but the table still exists in the InnoDB internal data dictionary.
InnoDB: Please refer to
InnoDB: http://dev.mysql.com/doc/refman/5.6/en/innodb-troubleshooting-datadict.html
InnoDB: for how to resolve the issue.
2022-09-26 19:24:55 11564 [ERROR] InnoDB: Table cliente/produto in the InnoDB data dictionary has tablespace id 12, but tablespace with that id or name does not exist. Have you deleted or moved .ibd files? This may also be a table created with CREATE TEMPORARY TABLE whose .ibd and .frm files MySQL automatically removed, but the table still exists in the InnoDB internal data dictionary.
InnoDB: Please refer to
InnoDB: http://dev.mysql.com/doc/refman/5.6/en/innodb-troubleshooting-datadict.html
InnoDB: for how to resolve the issue.
2022-09-26 19:24:55 11564 [ERROR] InnoDB: Table cliente/vendas in the InnoDB data dictionary has tablespace id 11, but tablespace with that id or name does not exist. Have you deleted or moved .ibd files? This may also be a table created with CREATE TEMPORARY TABLE whose .ibd and .frm files MySQL automatically removed, but the table still exists in the InnoDB internal data dictionary.
InnoDB: Please refer to
InnoDB: http://dev.mysql.com/doc/refman/5.6/en/innodb-troubleshooting-datadict.html
InnoDB: for how to resolve the issue.
2022-09-26 19:24:55 11564 [ERROR] InnoDB: Table cliente1/alunos in the InnoDB data dictionary has tablespace id 14, but tablespace with that id or name does not exist. Have you deleted or moved .ibd files? This may also be a table created with CREATE TEMPORARY TABLE whose .ibd and .frm files MySQL automatically removed, but the table still exists in the InnoDB internal data dictionary.
InnoDB: Please refer to
InnoDB: http://dev.mysql.com/doc/refman/5.6/en/innodb-troubleshooting-datadict.html
InnoDB: for how to resolve the issue.
2022-09-26 19:24:55 11564 [ERROR] InnoDB: Table escola/alunos in the InnoDB data dictionary has tablespace id 15, but tablespace with that id or name does not exist. Have you deleted or moved .ibd files? This may also be a table created with CREATE TEMPORARY TABLE whose .ibd and .frm files MySQL automatically removed, but the table still exists in the InnoDB internal data dictionary.
InnoDB: Please refer to
InnoDB: http://dev.mysql.com/doc/refman/5.6/en/innodb-troubleshooting-datadict.html
InnoDB: for how to resolve the issue.
2022-09-26 19:24:55 11564 [ERROR] InnoDB: Table escola/funcionarios in the InnoDB data dictionary has tablespace id 16, but tablespace with that id or name does not exist. Have you deleted or moved .ibd files? This may also be a table created with CREATE TEMPORARY TABLE whose .ibd and .frm files MySQL automatically removed, but the table still exists in the InnoDB internal data dictionary.
InnoDB: Please refer to
InnoDB: http://dev.mysql.com/doc/refman/5.6/en/innodb-troubleshooting-datadict.html
InnoDB: for how to resolve the issue.
2022-09-26 19:24:55 11564 [Note] InnoDB: 128 rollback segment(s) are active.
2022-09-26 19:24:55 11564 [Note] InnoDB: Waiting for purge to start
2022-09-26 19:24:55 11564 [Note] InnoDB: 5.6.13 started; log sequence number 1813341
2022-09-26 19:24:55 11564 [Note] Server hostname (bind-address): '*'; port: 3307
2022-09-26 19:24:55 11564 [Note] IPv6 is available.
2022-09-26 19:24:55 11564 [Note]   - '::' resolves to '::';
2022-09-26 19:24:55 11564 [Note] Server socket created on IP: '::'.
2022-10-31 20:24:48 14160 [Note] Plugin 'FEDERATED' is disabled.
2022-10-31 20:24:48 14160 [Note] InnoDB: The InnoDB memory heap is disabled
2022-10-31 20:24:48 14160 [Note] InnoDB: Mutexes and rw_locks use Windows interlocked functions
2022-10-31 20:24:48 14160 [Note] InnoDB: Compressed tables use zlib 1.2.3
2022-10-31 20:24:48 14160 [Note] InnoDB: Not using CPU crc32 instructions
2022-10-31 20:24:48 14160 [Note] InnoDB: Initializing buffer pool, size = 128.0M
2022-10-31 20:24:48 14160 [Note] InnoDB: Completed initialization of buffer pool
2022-10-31 20:24:49 14160 [Note] InnoDB: Highest supported file format is Barracuda.
2022-10-31 20:24:49 14160 [Note] InnoDB: The log sequence numbers 1626134 and 1626134 in ibdata files do not match the log sequence number 1813351 in the ib_logfiles!
2022-10-31 20:24:49 14160 [Note] InnoDB: Database was not shutdown normally!
2022-10-31 20:24:49 14160 [Note] InnoDB: Starting crash recovery.
2022-10-31 20:24:49 14160 [Note] InnoDB: Reading tablespace information from the .ibd files...
2022-10-31 20:24:49 14160 [Note] InnoDB: Restoring possible half-written data pages 
2022-10-31 20:24:49 14160 [Note] InnoDB: from the doublewrite buffer...
2022-10-31 20:24:50 14160 [ERROR] InnoDB: Table aula1/alunos in the InnoDB data dictionary has tablespace id 10, but tablespace with that id or name does not exist. Have you deleted or moved .ibd files? This may also be a table created with CREATE TEMPORARY TABLE whose .ibd and .frm files MySQL automatically removed, but the table still exists in the InnoDB internal data dictionary.
InnoDB: Please refer to
InnoDB: http://dev.mysql.com/doc/refman/5.6/en/innodb-troubleshooting-datadict.html
InnoDB: for how to resolve the issue.
2022-10-31 20:24:50 14160 [ERROR] InnoDB: Table cliente/fornecedor in the InnoDB data dictionary has tablespace id 8, but tablespace with that id or name does not exist. Have you deleted or moved .ibd files? This may also be a table created with CREATE TEMPORARY TABLE whose .ibd and .frm files MySQL automatically removed, but the table still exists in the InnoDB internal data dictionary.
InnoDB: Please refer to
InnoDB: http://dev.mysql.com/doc/refman/5.6/en/innodb-troubleshooting-datadict.html
InnoDB: for how to resolve the issue.
2022-10-31 20:24:50 14160 [ERROR] InnoDB: Table cliente/funcionario in the InnoDB data dictionary has tablespace id 13, but tablespace with that id or name does not exist. Have you deleted or moved .ibd files? This may also be a table created with CREATE TEMPORARY TABLE whose .ibd and .frm files MySQL automatically removed, but the table still exists in the InnoDB internal data dictionary.
InnoDB: Please refer to
InnoDB: http://dev.mysql.com/doc/refman/5.6/en/innodb-troubleshooting-datadict.html
InnoDB: for how to resolve the issue.
2022-10-31 20:24:50 14160 [ERROR] InnoDB: Table cliente/produto in the InnoDB data dictionary has tablespace id 12, but tablespace with that id or name does not exist. Have you deleted or moved .ibd files? This may also be a table created with CREATE TEMPORARY TABLE whose .ibd and .frm files MySQL automatically removed, but the table still exists in the InnoDB internal data dictionary.
InnoDB: Please refer to
InnoDB: http://dev.mysql.com/doc/refman/5.6/en/innodb-troubleshooting-datadict.html
InnoDB: for how to resolve the issue.
2022-10-31 20:24:50 14160 [ERROR] InnoDB: Table cliente/vendas in the InnoDB data dictionary has tablespace id 11, but tablespace with that id or name does not exist. Have you deleted or moved .ibd files? This may also be a table created with CREATE TEMPORARY TABLE whose .ibd and .frm files MySQL automatically removed, but the table still exists in the InnoDB internal data dictionary.
InnoDB: Please refer to
InnoDB: http://dev.mysql.com/doc/refman/5.6/en/innodb-troubleshooting-datadict.html
InnoDB: for how to resolve the issue.
2022-10-31 20:24:50 14160 [ERROR] InnoDB: Table cliente1/alunos in the InnoDB data dictionary has tablespace id 14, but tablespace with that id or name does not exist. Have you deleted or moved .ibd files? This may also be a table created with CREATE TEMPORARY TABLE whose .ibd and .frm files MySQL automatically removed, but the table still exists in the InnoDB internal data dictionary.
InnoDB: Please refer to
InnoDB: http://dev.mysql.com/doc/refman/5.6/en/innodb-troubleshooting-datadict.html
InnoDB: for how to resolve the issue.
2022-10-31 20:24:50 14160 [ERROR] InnoDB: Table escola/alunos in the InnoDB data dictionary has tablespace id 15, but tablespace with that id or name does not exist. Have you deleted or moved .ibd files? This may also be a table created with CREATE TEMPORARY TABLE whose .ibd and .frm files MySQL automatically removed, but the table still exists in the InnoDB internal data dictionary.
InnoDB: Please refer to
InnoDB: http://dev.mysql.com/doc/refman/5.6/en/innodb-troubleshooting-datadict.html
InnoDB: for how to resolve the issue.
2022-10-31 20:24:50 14160 [ERROR] InnoDB: Table escola/funcionarios in the InnoDB data dictionary has tablespace id 16, but tablespace with that id or name does not exist. Have you deleted or moved .ibd files? This may also be a table created with CREATE TEMPORARY TABLE whose .ibd and .frm files MySQL automatically removed, but the table still exists in the InnoDB internal data dictionary.
InnoDB: Please refer to
InnoDB: http://dev.mysql.com/doc/refman/5.6/en/innodb-troubleshooting-datadict.html
InnoDB: for how to resolve the issue.
2022-10-31 20:24:50 14160 [Note] InnoDB: 128 rollback segment(s) are active.
2022-10-31 20:24:50 14160 [Note] InnoDB: Waiting for purge to start
2022-10-31 20:24:50 14160 [Note] InnoDB: 5.6.13 started; log sequence number 1813351
2022-10-31 20:24:50 14160 [Note] Server hostname (bind-address): '*'; port: 3307
2022-10-31 20:24:50 14160 [Note] IPv6 is available.
2022-10-31 20:24:50 14160 [Note]   - '::' resolves to '::';
2022-10-31 20:24:50 14160 [Note] Server socket created on IP: '::'.
2023-02-13 19:40:13 3980 [Note] Plugin 'FEDERATED' is disabled.
2023-02-13 19:40:13 3980 [Note] InnoDB: The InnoDB memory heap is disabled
2023-02-13 19:40:13 3980 [Note] InnoDB: Mutexes and rw_locks use Windows interlocked functions
2023-02-13 19:40:13 3980 [Note] InnoDB: Compressed tables use zlib 1.2.3
2023-02-13 19:40:13 3980 [Note] InnoDB: Not using CPU crc32 instructions
2023-02-13 19:40:13 3980 [Note] InnoDB: Initializing buffer pool, size = 128.0M
2023-02-13 19:40:13 3980 [Note] InnoDB: Completed initialization of buffer pool
2023-02-13 19:40:14 3980 [Note] InnoDB: Highest supported file format is Barracuda.
2023-02-13 19:40:14 3980 [Note] InnoDB: The log sequence numbers 1626134 and 1626134 in ibdata files do not match the log sequence number 1813361 in the ib_logfiles!
2023-02-13 19:40:14 3980 [Note] InnoDB: Database was not shutdown normally!
2023-02-13 19:40:14 3980 [Note] InnoDB: Starting crash recovery.
2023-02-13 19:40:14 3980 [Note] InnoDB: Reading tablespace information from the .ibd files...
2023-02-13 19:40:14 3980 [Note] InnoDB: Restoring possible half-written data pages 
2023-02-13 19:40:14 3980 [Note] InnoDB: from the doublewrite buffer...
2023-02-13 19:40:14 3980 [ERROR] InnoDB: Table aula1/alunos in the InnoDB data dictionary has tablespace id 10, but tablespace with that id or name does not exist. Have you deleted or moved .ibd files? This may also be a table created with CREATE TEMPORARY TABLE whose .ibd and .frm files MySQL automatically removed, but the table still exists in the InnoDB internal data dictionary.
InnoDB: Please refer to
InnoDB: http://dev.mysql.com/doc/refman/5.6/en/innodb-troubleshooting-datadict.html
InnoDB: for how to resolve the issue.
2023-02-13 19:40:14 3980 [ERROR] InnoDB: Table cliente/fornecedor in the InnoDB data dictionary has tablespace id 8, but tablespace with that id or name does not exist. Have you deleted or moved .ibd files? This may also be a table created with CREATE TEMPORARY TABLE whose .ibd and .frm files MySQL automatically removed, but the table still exists in the InnoDB internal data dictionary.
InnoDB: Please refer to
InnoDB: http://dev.mysql.com/doc/refman/5.6/en/innodb-troubleshooting-datadict.html
InnoDB: for how to resolve the issue.
2023-02-13 19:40:14 3980 [ERROR] InnoDB: Table cliente/funcionario in the InnoDB data dictionary has tablespace id 13, but tablespace with that id or name does not exist. Have you deleted or moved .ibd files? This may also be a table created with CREATE TEMPORARY TABLE whose .ibd and .frm files MySQL automatically removed, but the table still exists in the InnoDB internal data dictionary.
InnoDB: Please refer to
InnoDB: http://dev.mysql.com/doc/refman/5.6/en/innodb-troubleshooting-datadict.html
InnoDB: for how to resolve the issue.
2023-02-13 19:40:14 3980 [ERROR] InnoDB: Table cliente/produto in the InnoDB data dictionary has tablespace id 12, but tablespace with that id or name does not exist. Have you deleted or moved .ibd files? This may also be a table created with CREATE TEMPORARY TABLE whose .ibd and .frm files MySQL automatically removed, but the table still exists in the InnoDB internal data dictionary.
InnoDB: Please refer to
InnoDB: http://dev.mysql.com/doc/refman/5.6/en/innodb-troubleshooting-datadict.html
InnoDB: for how to resolve the issue.
2023-02-13 19:40:14 3980 [ERROR] InnoDB: Table cliente/vendas in the InnoDB data dictionary has tablespace id 11, but tablespace with that id or name does not exist. Have you deleted or moved .ibd files? This may also be a table created with CREATE TEMPORARY TABLE whose .ibd and .frm files MySQL automatically removed, but the table still exists in the InnoDB internal data dictionary.
InnoDB: Please refer to
InnoDB: http://dev.mysql.com/doc/refman/5.6/en/innodb-troubleshooting-datadict.html
InnoDB: for how to resolve the issue.
2023-02-13 19:40:14 3980 [ERROR] InnoDB: Table cliente1/alunos in the InnoDB data dictionary has tablespace id 14, but tablespace with that id or name does not exist. Have you deleted or moved .ibd files? This may also be a table created with CREATE TEMPORARY TABLE whose .ibd and .frm files MySQL automatically removed, but the table still exists in the InnoDB internal data dictionary.
InnoDB: Please refer to
InnoDB: http://dev.mysql.com/doc/refman/5.6/en/innodb-troubleshooting-datadict.html
InnoDB: for how to resolve the issue.
2023-02-13 19:40:14 3980 [ERROR] InnoDB: Table escola/alunos in the InnoDB data dictionary has tablespace id 15, but tablespace with that id or name does not exist. Have you deleted or moved .ibd files? This may also be a table created with CREATE TEMPORARY TABLE whose .ibd and .frm files MySQL automatically removed, but the table still exists in the InnoDB internal data dictionary.
InnoDB: Please refer to
InnoDB: http://dev.mysql.com/doc/refman/5.6/en/innodb-troubleshooting-datadict.html
InnoDB: for how to resolve the issue.
2023-02-13 19:40:14 3980 [ERROR] InnoDB: Table escola/funcionarios in the InnoDB data dictionary has tablespace id 16, but tablespace with that id or name does not exist. Have you deleted or moved .ibd files? This may also be a table created with CREATE TEMPORARY TABLE whose .ibd and .frm files MySQL automatically removed, but the table still exists in the InnoDB internal data dictionary.
InnoDB: Please refer to
InnoDB: http://dev.mysql.com/doc/refman/5.6/en/innodb-troubleshooting-datadict.html
InnoDB: for how to resolve the issue.
2023-02-13 19:40:14 3980 [Note] InnoDB: 128 rollback segment(s) are active.
2023-02-13 19:40:14 3980 [Note] InnoDB: Waiting for purge to start
2023-02-13 19:40:14 3980 [Note] InnoDB: 5.6.13 started; log sequence number 1813361
2023-02-13 19:40:14 3980 [Note] Server hostname (bind-address): '*'; port: 3307
2023-02-13 19:40:14 3980 [Note] IPv6 is available.
2023-02-13 19:40:14 3980 [Note]   - '::' resolves to '::';
2023-02-13 19:40:14 3980 [Note] Server socket created on IP: '::'.
2023-02-27 21:34:53 8764 [Note] Plugin 'FEDERATED' is disabled.
2023-02-27 21:34:53 8764 [Note] InnoDB: The InnoDB memory heap is disabled
2023-02-27 21:34:53 8764 [Note] InnoDB: Mutexes and rw_locks use Windows interlocked functions
2023-02-27 21:34:53 8764 [Note] InnoDB: Compressed tables use zlib 1.2.3
2023-02-27 21:34:53 8764 [Note] InnoDB: Not using CPU crc32 instructions
2023-02-27 21:34:53 8764 [Note] InnoDB: Initializing buffer pool, size = 128.0M
2023-02-27 21:34:53 8764 [Note] InnoDB: Completed initialization of buffer pool
2023-02-27 21:34:54 8764 [Note] InnoDB: Highest supported file format is Barracuda.
2023-02-27 21:34:54 8764 [Note] InnoDB: The log sequence numbers 1626134 and 1626134 in ibdata files do not match the log sequence number 1813371 in the ib_logfiles!
2023-02-27 21:34:54 8764 [Note] InnoDB: Database was not shutdown normally!
2023-02-27 21:34:54 8764 [Note] InnoDB: Starting crash recovery.
2023-02-27 21:34:54 8764 [Note] InnoDB: Reading tablespace information from the .ibd files...
2023-02-27 21:34:54 8764 [Note] InnoDB: Restoring possible half-written data pages 
2023-02-27 21:34:54 8764 [Note] InnoDB: from the doublewrite buffer...
2023-02-27 21:34:56 8764 [ERROR] InnoDB: Table aula1/alunos in the InnoDB data dictionary has tablespace id 10, but tablespace with that id or name does not exist. Have you deleted or moved .ibd files? This may also be a table created with CREATE TEMPORARY TABLE whose .ibd and .frm files MySQL automatically removed, but the table still exists in the InnoDB internal data dictionary.
InnoDB: Please refer to
InnoDB: http://dev.mysql.com/doc/refman/5.6/en/innodb-troubleshooting-datadict.html
InnoDB: for how to resolve the issue.
2023-02-27 21:34:56 8764 [ERROR] InnoDB: Table cliente/fornecedor in the InnoDB data dictionary has tablespace id 8, but tablespace with that id or name does not exist. Have you deleted or moved .ibd files? This may also be a table created with CREATE TEMPORARY TABLE whose .ibd and .frm files MySQL automatically removed, but the table still exists in the InnoDB internal data dictionary.
InnoDB: Please refer to
InnoDB: http://dev.mysql.com/doc/refman/5.6/en/innodb-troubleshooting-datadict.html
InnoDB: for how to resolve the issue.
2023-02-27 21:34:56 8764 [ERROR] InnoDB: Table cliente/funcionario in the InnoDB data dictionary has tablespace id 13, but tablespace with that id or name does not exist. Have you deleted or moved .ibd files? This may also be a table created with CREATE TEMPORARY TABLE whose .ibd and .frm files MySQL automatically removed, but the table still exists in the InnoDB internal data dictionary.
InnoDB: Please refer to
InnoDB: http://dev.mysql.com/doc/refman/5.6/en/innodb-troubleshooting-datadict.html
InnoDB: for how to resolve the issue.
2023-02-27 21:34:56 8764 [ERROR] InnoDB: Table cliente/produto in the InnoDB data dictionary has tablespace id 12, but tablespace with that id or name does not exist. Have you deleted or moved .ibd files? This may also be a table created with CREATE TEMPORARY TABLE whose .ibd and .frm files MySQL automatically removed, but the table still exists in the InnoDB internal data dictionary.
InnoDB: Please refer to
InnoDB: http://dev.mysql.com/doc/refman/5.6/en/innodb-troubleshooting-datadict.html
InnoDB: for how to resolve the issue.
2023-02-27 21:34:56 8764 [ERROR] InnoDB: Table cliente/vendas in the InnoDB data dictionary has tablespace id 11, but tablespace with that id or name does not exist. Have you deleted or moved .ibd files? This may also be a table created with CREATE TEMPORARY TABLE whose .ibd and .frm files MySQL automatically removed, but the table still exists in the InnoDB internal data dictionary.
InnoDB: Please refer to
InnoDB: http://dev.mysql.com/doc/refman/5.6/en/innodb-troubleshooting-datadict.html
InnoDB: for how to resolve the issue.
2023-02-27 21:34:56 8764 [ERROR] InnoDB: Table cliente1/alunos in the InnoDB data dictionary has tablespace id 14, but tablespace with that id or name does not exist. Have you deleted or moved .ibd files? This may also be a table created with CREATE TEMPORARY TABLE whose .ibd and .frm files MySQL automatically removed, but the table still exists in the InnoDB internal data dictionary.
InnoDB: Please refer to
InnoDB: http://dev.mysql.com/doc/refman/5.6/en/innodb-troubleshooting-datadict.html
InnoDB: for how to resolve the issue.
2023-02-27 21:34:56 8764 [ERROR] InnoDB: Table escola/alunos in the InnoDB data dictionary has tablespace id 15, but tablespace with that id or name does not exist. Have you deleted or moved .ibd files? This may also be a table created with CREATE TEMPORARY TABLE whose .ibd and .frm files MySQL automatically removed, but the table still exists in the InnoDB internal data dictionary.
InnoDB: Please refer to
InnoDB: http://dev.mysql.com/doc/refman/5.6/en/innodb-troubleshooting-datadict.html
InnoDB: for how to resolve the issue.
2023-02-27 21:34:56 8764 [ERROR] InnoDB: Table escola/funcionarios in the InnoDB data dictionary has tablespace id 16, but tablespace with that id or name does not exist. Have you deleted or moved .ibd files? This may also be a table created with CREATE TEMPORARY TABLE whose .ibd and .frm files MySQL automatically removed, but the table still exists in the InnoDB internal data dictionary.
InnoDB: Please refer to
InnoDB: http://dev.mysql.com/doc/refman/5.6/en/innodb-troubleshooting-datadict.html
InnoDB: for how to resolve the issue.
2023-02-27 21:34:56 8764 [Note] InnoDB: 128 rollback segment(s) are active.
2023-02-27 21:34:56 8764 [Note] InnoDB: Waiting for purge to start
2023-02-27 21:34:56 8764 [Note] InnoDB: 5.6.13 started; log sequence number 1813371
2023-02-27 21:34:56 8764 [Note] Server hostname (bind-address): '*'; port: 3307
2023-02-27 21:34:56 8764 [Note] IPv6 is available.
2023-02-27 21:34:56 8764 [Note]   - '::' resolves to '::';
2023-02-27 21:34:56 8764 [Note] Server socket created on IP: '::'.
2023-02-27 21:34:57 8764 [Note] Event Scheduler: Loaded 0 events
2023-02-27 21:34:57 8764 [Note] E:\20221S\usbwebserver/mysql/bin/mysqld_usbwv8.exe: ready for connections.
Version: '5.6.13'  socket: ''  port: 3307  MySQL Community Server (GPL)
2023-08-07 19:11:44 9208 [Note] Plugin 'FEDERATED' is disabled.
2023-08-07 19:11:44 9208 [Note] InnoDB: The InnoDB memory heap is disabled
2023-08-07 19:11:44 9208 [Note] InnoDB: Mutexes and rw_locks use Windows interlocked functions
2023-08-07 19:11:44 9208 [Note] InnoDB: Compressed tables use zlib 1.2.3
2023-08-07 19:11:44 9208 [Note] InnoDB: Not using CPU crc32 instructions
2023-08-07 19:11:44 9208 [Note] InnoDB: Initializing buffer pool, size = 128.0M
2023-08-07 19:11:44 9208 [Note] InnoDB: Completed initialization of buffer pool
2023-08-07 19:11:44 9208 [Note] InnoDB: Highest supported file format is Barracuda.
2023-08-07 19:11:44 9208 [Note] InnoDB: The log sequence numbers 1626134 and 1626134 in ibdata files do not match the log sequence number 1816036 in the ib_logfiles!
2023-08-07 19:11:44 9208 [Note] InnoDB: Database was not shutdown normally!
2023-08-07 19:11:44 9208 [Note] InnoDB: Starting crash recovery.
2023-08-07 19:11:44 9208 [Note] InnoDB: Reading tablespace information from the .ibd files...
2023-08-07 19:11:45 9208 [Note] InnoDB: Restoring possible half-written data pages 
2023-08-07 19:11:45 9208 [Note] InnoDB: from the doublewrite buffer...
2023-08-07 19:11:45 9208 [ERROR] InnoDB: Table aula1/alunos in the InnoDB data dictionary has tablespace id 10, but tablespace with that id or name does not exist. Have you deleted or moved .ibd files? This may also be a table created with CREATE TEMPORARY TABLE whose .ibd and .frm files MySQL automatically removed, but the table still exists in the InnoDB internal data dictionary.
InnoDB: Please refer to
InnoDB: http://dev.mysql.com/doc/refman/5.6/en/innodb-troubleshooting-datadict.html
InnoDB: for how to resolve the issue.
2023-08-07 19:11:45 9208 [ERROR] InnoDB: Table cliente/fornecedor in the InnoDB data dictionary has tablespace id 8, but tablespace with that id or name does not exist. Have you deleted or moved .ibd files? This may also be a table created with CREATE TEMPORARY TABLE whose .ibd and .frm files MySQL automatically removed, but the table still exists in the InnoDB internal data dictionary.
InnoDB: Please refer to
InnoDB: http://dev.mysql.com/doc/refman/5.6/en/innodb-troubleshooting-datadict.html
InnoDB: for how to resolve the issue.
2023-08-07 19:11:45 9208 [ERROR] InnoDB: Table cliente/funcionario in the InnoDB data dictionary has tablespace id 13, but tablespace with that id or name does not exist. Have you deleted or moved .ibd files? This may also be a table created with CREATE TEMPORARY TABLE whose .ibd and .frm files MySQL automatically removed, but the table still exists in the InnoDB internal data dictionary.
InnoDB: Please refer to
InnoDB: http://dev.mysql.com/doc/refman/5.6/en/innodb-troubleshooting-datadict.html
InnoDB: for how to resolve the issue.
2023-08-07 19:11:45 9208 [ERROR] InnoDB: Table cliente/produto in the InnoDB data dictionary has tablespace id 12, but tablespace with that id or name does not exist. Have you deleted or moved .ibd files? This may also be a table created with CREATE TEMPORARY TABLE whose .ibd and .frm files MySQL automatically removed, but the table still exists in the InnoDB internal data dictionary.
InnoDB: Please refer to
InnoDB: http://dev.mysql.com/doc/refman/5.6/en/innodb-troubleshooting-datadict.html
InnoDB: for how to resolve the issue.
2023-08-07 19:11:45 9208 [ERROR] InnoDB: Table cliente/vendas in the InnoDB data dictionary has tablespace id 11, but tablespace with that id or name does not exist. Have you deleted or moved .ibd files? This may also be a table created with CREATE TEMPORARY TABLE whose .ibd and .frm files MySQL automatically removed, but the table still exists in the InnoDB internal data dictionary.
InnoDB: Please refer to
InnoDB: http://dev.mysql.com/doc/refman/5.6/en/innodb-troubleshooting-datadict.html
InnoDB: for how to resolve the issue.
2023-08-07 19:11:45 9208 [ERROR] InnoDB: Table cliente1/alunos in the InnoDB data dictionary has tablespace id 14, but tablespace with that id or name does not exist. Have you deleted or moved .ibd files? This may also be a table created with CREATE TEMPORARY TABLE whose .ibd and .frm files MySQL automatically removed, but the table still exists in the InnoDB internal data dictionary.
InnoDB: Please refer to
InnoDB: http://dev.mysql.com/doc/refman/5.6/en/innodb-troubleshooting-datadict.html
InnoDB: for how to resolve the issue.
2023-08-07 19:11:45 9208 [ERROR] InnoDB: Table escola/alunos in the InnoDB data dictionary has tablespace id 15, but tablespace with that id or name does not exist. Have you deleted or moved .ibd files? This may also be a table created with CREATE TEMPORARY TABLE whose .ibd and .frm files MySQL automatically removed, but the table still exists in the InnoDB internal data dictionary.
InnoDB: Please refer to
InnoDB: http://dev.mysql.com/doc/refman/5.6/en/innodb-troubleshooting-datadict.html
InnoDB: for how to resolve the issue.
2023-08-07 19:11:45 9208 [ERROR] InnoDB: Table escola/funcionarios in the InnoDB data dictionary has tablespace id 16, but tablespace with that id or name does not exist. Have you deleted or moved .ibd files? This may also be a table created with CREATE TEMPORARY TABLE whose .ibd and .frm files MySQL automatically removed, but the table still exists in the InnoDB internal data dictionary.
InnoDB: Please refer to
InnoDB: http://dev.mysql.com/doc/refman/5.6/en/innodb-troubleshooting-datadict.html
InnoDB: for how to resolve the issue.
2023-08-07 19:11:45 9208 [Note] InnoDB: 128 rollback segment(s) are active.
2023-08-07 19:11:45 9208 [Note] InnoDB: Waiting for purge to start
2023-08-07 19:11:45 9208 [Note] InnoDB: 5.6.13 started; log sequence number 1816036
2023-08-07 19:11:45 9208 [Note] Server hostname (bind-address): '*'; port: 3307
2023-08-07 19:11:45 9208 [Note] IPv6 is available.
2023-08-07 19:11:45 9208 [Note]   - '::' resolves to '::';
2023-08-07 19:11:45 9208 [Note] Server socket created on IP: '::'.
2023-08-07 19:51:17 1232 [Note] Plugin 'FEDERATED' is disabled.
2023-08-07 19:51:17 1232 [Note] InnoDB: The InnoDB memory heap is disabled
2023-08-07 19:51:17 1232 [Note] InnoDB: Mutexes and rw_locks use Windows interlocked functions
2023-08-07 19:51:17 1232 [Note] InnoDB: Compressed tables use zlib 1.2.3
2023-08-07 19:51:17 1232 [Note] InnoDB: Not using CPU crc32 instructions
2023-08-07 19:51:17 1232 [Note] InnoDB: Initializing buffer pool, size = 128.0M
2023-08-07 19:51:17 1232 [Note] InnoDB: Completed initialization of buffer pool
2023-08-07 19:51:17 1232 [Note] InnoDB: Highest supported file format is Barracuda.
2023-08-07 19:51:17 1232 [Note] InnoDB: The log sequence numbers 1626134 and 1626134 in ibdata files do not match the log sequence number 1816046 in the ib_logfiles!
2023-08-07 19:51:17 1232 [Note] InnoDB: Database was not shutdown normally!
2023-08-07 19:51:17 1232 [Note] InnoDB: Starting crash recovery.
2023-08-07 19:51:17 1232 [Note] InnoDB: Reading tablespace information from the .ibd files...
2023-08-07 19:51:17 1232 [Note] InnoDB: Restoring possible half-written data pages 
2023-08-07 19:51:17 1232 [Note] InnoDB: from the doublewrite buffer...
2023-08-07 19:51:20 1232 [ERROR] InnoDB: Table aula1/alunos in the InnoDB data dictionary has tablespace id 10, but tablespace with that id or name does not exist. Have you deleted or moved .ibd files? This may also be a table created with CREATE TEMPORARY TABLE whose .ibd and .frm files MySQL automatically removed, but the table still exists in the InnoDB internal data dictionary.
InnoDB: Please refer to
InnoDB: http://dev.mysql.com/doc/refman/5.6/en/innodb-troubleshooting-datadict.html
InnoDB: for how to resolve the issue.
2023-08-07 19:51:20 1232 [ERROR] InnoDB: Table cliente/fornecedor in the InnoDB data dictionary has tablespace id 8, but tablespace with that id or name does not exist. Have you deleted or moved .ibd files? This may also be a table created with CREATE TEMPORARY TABLE whose .ibd and .frm files MySQL automatically removed, but the table still exists in the InnoDB internal data dictionary.
InnoDB: Please refer to
InnoDB: http://dev.mysql.com/doc/refman/5.6/en/innodb-troubleshooting-datadict.html
InnoDB: for how to resolve the issue.
2023-08-07 19:51:20 1232 [ERROR] InnoDB: Table cliente/funcionario in the InnoDB data dictionary has tablespace id 13, but tablespace with that id or name does not exist. Have you deleted or moved .ibd files? This may also be a table created with CREATE TEMPORARY TABLE whose .ibd and .frm files MySQL automatically removed, but the table still exists in the InnoDB internal data dictionary.
InnoDB: Please refer to
InnoDB: http://dev.mysql.com/doc/refman/5.6/en/innodb-troubleshooting-datadict.html
InnoDB: for how to resolve the issue.
2023-08-07 19:51:20 1232 [ERROR] InnoDB: Table cliente/produto in the InnoDB data dictionary has tablespace id 12, but tablespace with that id or name does not exist. Have you deleted or moved .ibd files? This may also be a table created with CREATE TEMPORARY TABLE whose .ibd and .frm files MySQL automatically removed, but the table still exists in the InnoDB internal data dictionary.
InnoDB: Please refer to
InnoDB: http://dev.mysql.com/doc/refman/5.6/en/innodb-troubleshooting-datadict.html
InnoDB: for how to resolve the issue.
2023-08-07 19:51:20 1232 [ERROR] InnoDB: Table cliente/vendas in the InnoDB data dictionary has tablespace id 11, but tablespace with that id or name does not exist. Have you deleted or moved .ibd files? This may also be a table created with CREATE TEMPORARY TABLE whose .ibd and .frm files MySQL automatically removed, but the table still exists in the InnoDB internal data dictionary.
InnoDB: Please refer to
InnoDB: http://dev.mysql.com/doc/refman/5.6/en/innodb-troubleshooting-datadict.html
InnoDB: for how to resolve the issue.
2023-08-07 19:51:20 1232 [ERROR] InnoDB: Table cliente1/alunos in the InnoDB data dictionary has tablespace id 14, but tablespace with that id or name does not exist. Have you deleted or moved .ibd files? This may also be a table created with CREATE TEMPORARY TABLE whose .ibd and .frm files MySQL automatically removed, but the table still exists in the InnoDB internal data dictionary.
InnoDB: Please refer to
InnoDB: http://dev.mysql.com/doc/refman/5.6/en/innodb-troubleshooting-datadict.html
InnoDB: for how to resolve the issue.
2023-08-07 19:51:20 1232 [ERROR] InnoDB: Table escola/alunos in the InnoDB data dictionary has tablespace id 15, but tablespace with that id or name does not exist. Have you deleted or moved .ibd files? This may also be a table created with CREATE TEMPORARY TABLE whose .ibd and .frm files MySQL automatically removed, but the table still exists in the InnoDB internal data dictionary.
InnoDB: Please refer to
InnoDB: http://dev.mysql.com/doc/refman/5.6/en/innodb-troubleshooting-datadict.html
InnoDB: for how to resolve the issue.
2023-08-07 19:51:20 1232 [ERROR] InnoDB: Table escola/funcionarios in the InnoDB data dictionary has tablespace id 16, but tablespace with that id or name does not exist. Have you deleted or moved .ibd files? This may also be a table created with CREATE TEMPORARY TABLE whose .ibd and .frm files MySQL automatically removed, but the table still exists in the InnoDB internal data dictionary.
InnoDB: Please refer to
InnoDB: http://dev.mysql.com/doc/refman/5.6/en/innodb-troubleshooting-datadict.html
InnoDB: for how to resolve the issue.
2023-08-07 19:51:20 1232 [Note] InnoDB: 128 rollback segment(s) are active.
2023-08-07 19:51:20 1232 [Note] InnoDB: Waiting for purge to start
2023-08-07 19:51:20 1232 [Note] InnoDB: 5.6.13 started; log sequence number 1816046
2023-08-07 19:51:20 1232 [Note] Server hostname (bind-address): '*'; port: 3307
2023-08-07 19:51:20 1232 [Note] IPv6 is available.
2023-08-07 19:51:20 1232 [Note]   - '::' resolves to '::';
2023-08-07 19:51:20 1232 [Note] Server socket created on IP: '::'.
2023-08-07 21:54:28 5284 [Note] Plugin 'FEDERATED' is disabled.
2023-08-07 21:54:28 5284 [Note] InnoDB: The InnoDB memory heap is disabled
2023-08-07 21:54:28 5284 [Note] InnoDB: Mutexes and rw_locks use Windows interlocked functions
2023-08-07 21:54:28 5284 [Note] InnoDB: Compressed tables use zlib 1.2.3
2023-08-07 21:54:28 5284 [Note] InnoDB: Not using CPU crc32 instructions
2023-08-07 21:54:28 5284 [Note] InnoDB: Initializing buffer pool, size = 128.0M
2023-08-07 21:54:28 5284 [Note] InnoDB: Completed initialization of buffer pool
2023-08-07 21:54:28 5284 [Note] InnoDB: Highest supported file format is Barracuda.
2023-08-07 21:54:28 5284 [Note] InnoDB: The log sequence numbers 1626134 and 1626134 in ibdata files do not match the log sequence number 1820410 in the ib_logfiles!
2023-08-07 21:54:28 5284 [Note] InnoDB: Database was not shutdown normally!
2023-08-07 21:54:28 5284 [Note] InnoDB: Starting crash recovery.
2023-08-07 21:54:28 5284 [Note] InnoDB: Reading tablespace information from the .ibd files...
2023-08-07 21:54:28 5284 [Note] InnoDB: Restoring possible half-written data pages 
2023-08-07 21:54:28 5284 [Note] InnoDB: from the doublewrite buffer...
2023-08-07 21:54:31 5284 [ERROR] InnoDB: Table aula1/alunos in the InnoDB data dictionary has tablespace id 10, but tablespace with that id or name does not exist. Have you deleted or moved .ibd files? This may also be a table created with CREATE TEMPORARY TABLE whose .ibd and .frm files MySQL automatically removed, but the table still exists in the InnoDB internal data dictionary.
InnoDB: Please refer to
InnoDB: http://dev.mysql.com/doc/refman/5.6/en/innodb-troubleshooting-datadict.html
InnoDB: for how to resolve the issue.
2023-08-07 21:54:31 5284 [ERROR] InnoDB: Table cliente/fornecedor in the InnoDB data dictionary has tablespace id 8, but tablespace with that id or name does not exist. Have you deleted or moved .ibd files? This may also be a table created with CREATE TEMPORARY TABLE whose .ibd and .frm files MySQL automatically removed, but the table still exists in the InnoDB internal data dictionary.
InnoDB: Please refer to
InnoDB: http://dev.mysql.com/doc/refman/5.6/en/innodb-troubleshooting-datadict.html
InnoDB: for how to resolve the issue.
2023-08-07 21:54:31 5284 [ERROR] InnoDB: Table cliente/funcionario in the InnoDB data dictionary has tablespace id 13, but tablespace with that id or name does not exist. Have you deleted or moved .ibd files? This may also be a table created with CREATE TEMPORARY TABLE whose .ibd and .frm files MySQL automatically removed, but the table still exists in the InnoDB internal data dictionary.
InnoDB: Please refer to
InnoDB: http://dev.mysql.com/doc/refman/5.6/en/innodb-troubleshooting-datadict.html
InnoDB: for how to resolve the issue.
2023-08-07 21:54:31 5284 [ERROR] InnoDB: Table cliente/produto in the InnoDB data dictionary has tablespace id 12, but tablespace with that id or name does not exist. Have you deleted or moved .ibd files? This may also be a table created with CREATE TEMPORARY TABLE whose .ibd and .frm files MySQL automatically removed, but the table still exists in the InnoDB internal data dictionary.
InnoDB: Please refer to
InnoDB: http://dev.mysql.com/doc/refman/5.6/en/innodb-troubleshooting-datadict.html
InnoDB: for how to resolve the issue.
2023-08-07 21:54:31 5284 [ERROR] InnoDB: Table cliente/vendas in the InnoDB data dictionary has tablespace id 11, but tablespace with that id or name does not exist. Have you deleted or moved .ibd files? This may also be a table created with CREATE TEMPORARY TABLE whose .ibd and .frm files MySQL automatically removed, but the table still exists in the InnoDB internal data dictionary.
InnoDB: Please refer to
InnoDB: http://dev.mysql.com/doc/refman/5.6/en/innodb-troubleshooting-datadict.html
InnoDB: for how to resolve the issue.
2023-08-07 21:54:31 5284 [ERROR] InnoDB: Table cliente1/alunos in the InnoDB data dictionary has tablespace id 14, but tablespace with that id or name does not exist. Have you deleted or moved .ibd files? This may also be a table created with CREATE TEMPORARY TABLE whose .ibd and .frm files MySQL automatically removed, but the table still exists in the InnoDB internal data dictionary.
InnoDB: Please refer to
InnoDB: http://dev.mysql.com/doc/refman/5.6/en/innodb-troubleshooting-datadict.html
InnoDB: for how to resolve the issue.
2023-08-07 21:54:31 5284 [ERROR] InnoDB: Table escola/alunos in the InnoDB data dictionary has tablespace id 15, but tablespace with that id or name does not exist. Have you deleted or moved .ibd files? This may also be a table created with CREATE TEMPORARY TABLE whose .ibd and .frm files MySQL automatically removed, but the table still exists in the InnoDB internal data dictionary.
InnoDB: Please refer to
InnoDB: http://dev.mysql.com/doc/refman/5.6/en/innodb-troubleshooting-datadict.html
InnoDB: for how to resolve the issue.
2023-08-07 21:54:31 5284 [ERROR] InnoDB: Table escola/funcionarios in the InnoDB data dictionary has tablespace id 16, but tablespace with that id or name does not exist. Have you deleted or moved .ibd files? This may also be a table created with CREATE TEMPORARY TABLE whose .ibd and .frm files MySQL automatically removed, but the table still exists in the InnoDB internal data dictionary.
InnoDB: Please refer to
InnoDB: http://dev.mysql.com/doc/refman/5.6/en/innodb-troubleshooting-datadict.html
InnoDB: for how to resolve the issue.
2023-08-07 21:54:31 5284 [Note] InnoDB: 128 rollback segment(s) are active.
2023-08-07 21:54:31 5284 [Note] InnoDB: Waiting for purge to start
2023-08-07 21:54:31 5284 [Note] InnoDB: 5.6.13 started; log sequence number 1820410
2023-08-07 21:54:31 5284 [Note] Server hostname (bind-address): '*'; port: 3307
2023-08-07 21:54:31 5284 [Note] IPv6 is available.
2023-08-07 21:54:31 5284 [Note]   - '::' resolves to '::';
2023-08-07 21:54:31 5284 [Note] Server socket created on IP: '::'.
2023-08-07 21:54:32 5284 [Note] Event Scheduler: Loaded 0 events
2023-08-07 21:54:32 5284 [Note] G:\DADOS\usbwebserver/mysql/bin/mysqld_usbwv8.exe: ready for connections.
Version: '5.6.13'  socket: ''  port: 3307  MySQL Community Server (GPL)
2023-08-14 19:07:50 15076 [Note] Plugin 'FEDERATED' is disabled.
2023-08-14 19:07:50 15076 [Note] InnoDB: The InnoDB memory heap is disabled
2023-08-14 19:07:50 15076 [Note] InnoDB: Mutexes and rw_locks use Windows interlocked functions
2023-08-14 19:07:50 15076 [Note] InnoDB: Compressed tables use zlib 1.2.3
2023-08-14 19:07:50 15076 [Note] InnoDB: Not using CPU crc32 instructions
2023-08-14 19:07:50 15076 [Note] InnoDB: Initializing buffer pool, size = 128.0M
2023-08-14 19:07:50 15076 [Note] InnoDB: Completed initialization of buffer pool
2023-08-14 19:07:50 15076 [Note] InnoDB: Highest supported file format is Barracuda.
2023-08-14 19:07:50 15076 [Note] InnoDB: The log sequence numbers 1626134 and 1626134 in ibdata files do not match the log sequence number 1820545 in the ib_logfiles!
2023-08-14 19:07:50 15076 [Note] InnoDB: Database was not shutdown normally!
2023-08-14 19:07:50 15076 [Note] InnoDB: Starting crash recovery.
2023-08-14 19:07:50 15076 [Note] InnoDB: Reading tablespace information from the .ibd files...
2023-08-14 19:07:50 15076 [Note] InnoDB: Restoring possible half-written data pages 
2023-08-14 19:07:50 15076 [Note] InnoDB: from the doublewrite buffer...
2023-08-14 19:07:53 15076 [ERROR] InnoDB: Table aula1/alunos in the InnoDB data dictionary has tablespace id 10, but tablespace with that id or name does not exist. Have you deleted or moved .ibd files? This may also be a table created with CREATE TEMPORARY TABLE whose .ibd and .frm files MySQL automatically removed, but the table still exists in the InnoDB internal data dictionary.
InnoDB: Please refer to
InnoDB: http://dev.mysql.com/doc/refman/5.6/en/innodb-troubleshooting-datadict.html
InnoDB: for how to resolve the issue.
2023-08-14 19:07:53 15076 [ERROR] InnoDB: Table cliente/fornecedor in the InnoDB data dictionary has tablespace id 8, but tablespace with that id or name does not exist. Have you deleted or moved .ibd files? This may also be a table created with CREATE TEMPORARY TABLE whose .ibd and .frm files MySQL automatically removed, but the table still exists in the InnoDB internal data dictionary.
InnoDB: Please refer to
InnoDB: http://dev.mysql.com/doc/refman/5.6/en/innodb-troubleshooting-datadict.html
InnoDB: for how to resolve the issue.
2023-08-14 19:07:53 15076 [ERROR] InnoDB: Table cliente/funcionario in the InnoDB data dictionary has tablespace id 13, but tablespace with that id or name does not exist. Have you deleted or moved .ibd files? This may also be a table created with CREATE TEMPORARY TABLE whose .ibd and .frm files MySQL automatically removed, but the table still exists in the InnoDB internal data dictionary.
InnoDB: Please refer to
InnoDB: http://dev.mysql.com/doc/refman/5.6/en/innodb-troubleshooting-datadict.html
InnoDB: for how to resolve the issue.
2023-08-14 19:07:53 15076 [ERROR] InnoDB: Table cliente/produto in the InnoDB data dictionary has tablespace id 12, but tablespace with that id or name does not exist. Have you deleted or moved .ibd files? This may also be a table created with CREATE TEMPORARY TABLE whose .ibd and .frm files MySQL automatically removed, but the table still exists in the InnoDB internal data dictionary.
InnoDB: Please refer to
InnoDB: http://dev.mysql.com/doc/refman/5.6/en/innodb-troubleshooting-datadict.html
InnoDB: for how to resolve the issue.
2023-08-14 19:07:53 15076 [ERROR] InnoDB: Table cliente/vendas in the InnoDB data dictionary has tablespace id 11, but tablespace with that id or name does not exist. Have you deleted or moved .ibd files? This may also be a table created with CREATE TEMPORARY TABLE whose .ibd and .frm files MySQL automatically removed, but the table still exists in the InnoDB internal data dictionary.
InnoDB: Please refer to
InnoDB: http://dev.mysql.com/doc/refman/5.6/en/innodb-troubleshooting-datadict.html
InnoDB: for how to resolve the issue.
2023-08-14 19:07:53 15076 [ERROR] InnoDB: Table cliente1/alunos in the InnoDB data dictionary has tablespace id 14, but tablespace with that id or name does not exist. Have you deleted or moved .ibd files? This may also be a table created with CREATE TEMPORARY TABLE whose .ibd and .frm files MySQL automatically removed, but the table still exists in the InnoDB internal data dictionary.
InnoDB: Please refer to
InnoDB: http://dev.mysql.com/doc/refman/5.6/en/innodb-troubleshooting-datadict.html
InnoDB: for how to resolve the issue.
2023-08-14 19:07:53 15076 [ERROR] InnoDB: Table escola/alunos in the InnoDB data dictionary has tablespace id 15, but tablespace with that id or name does not exist. Have you deleted or moved .ibd files? This may also be a table created with CREATE TEMPORARY TABLE whose .ibd and .frm files MySQL automatically removed, but the table still exists in the InnoDB internal data dictionary.
InnoDB: Please refer to
InnoDB: http://dev.mysql.com/doc/refman/5.6/en/innodb-troubleshooting-datadict.html
InnoDB: for how to resolve the issue.
2023-08-14 19:07:53 15076 [ERROR] InnoDB: Table escola/funcionarios in the InnoDB data dictionary has tablespace id 16, but tablespace with that id or name does not exist. Have you deleted or moved .ibd files? This may also be a table created with CREATE TEMPORARY TABLE whose .ibd and .frm files MySQL automatically removed, but the table still exists in the InnoDB internal data dictionary.
InnoDB: Please refer to
InnoDB: http://dev.mysql.com/doc/refman/5.6/en/innodb-troubleshooting-datadict.html
InnoDB: for how to resolve the issue.
2023-08-14 19:07:53 15076 [Note] InnoDB: 128 rollback segment(s) are active.
2023-08-14 19:07:53 15076 [Note] InnoDB: Waiting for purge to start
2023-08-14 19:07:53 15076 [Note] InnoDB: 5.6.13 started; log sequence number 1820545
2023-08-14 19:07:53 15076 [Note] Server hostname (bind-address): '*'; port: 3307
2023-08-14 19:07:53 15076 [Note] IPv6 is available.
2023-08-14 19:07:53 15076 [Note]   - '::' resolves to '::';
2023-08-14 19:07:53 15076 [Note] Server socket created on IP: '::'.
2023-08-14 19:24:28 5652 [Note] Plugin 'FEDERATED' is disabled.
2023-08-14 19:24:28 5652 [Note] InnoDB: The InnoDB memory heap is disabled
2023-08-14 19:24:28 5652 [Note] InnoDB: Mutexes and rw_locks use Windows interlocked functions
2023-08-14 19:24:28 5652 [Note] InnoDB: Compressed tables use zlib 1.2.3
2023-08-14 19:24:28 5652 [Note] InnoDB: Not using CPU crc32 instructions
2023-08-14 19:24:28 5652 [Note] InnoDB: Initializing buffer pool, size = 128.0M
2023-08-14 19:24:28 5652 [Note] InnoDB: Completed initialization of buffer pool
2023-08-14 19:24:28 5652 [Note] InnoDB: Highest supported file format is Barracuda.
2023-08-14 19:24:28 5652 [Note] InnoDB: The log sequence numbers 1626134 and 1626134 in ibdata files do not match the log sequence number 1822150 in the ib_logfiles!
2023-08-14 19:24:28 5652 [Note] InnoDB: Database was not shutdown normally!
2023-08-14 19:24:28 5652 [Note] InnoDB: Starting crash recovery.
2023-08-14 19:24:28 5652 [Note] InnoDB: Reading tablespace information from the .ibd files...
2023-08-14 19:24:28 5652 [Note] InnoDB: Restoring possible half-written data pages 
2023-08-14 19:24:28 5652 [Note] InnoDB: from the doublewrite buffer...
2023-08-14 19:24:29 5652 [ERROR] InnoDB: Table aula1/alunos in the InnoDB data dictionary has tablespace id 10, but tablespace with that id or name does not exist. Have you deleted or moved .ibd files? This may also be a table created with CREATE TEMPORARY TABLE whose .ibd and .frm files MySQL automatically removed, but the table still exists in the InnoDB internal data dictionary.
InnoDB: Please refer to
InnoDB: http://dev.mysql.com/doc/refman/5.6/en/innodb-troubleshooting-datadict.html
InnoDB: for how to resolve the issue.
2023-08-14 19:24:29 5652 [ERROR] InnoDB: Table cliente/fornecedor in the InnoDB data dictionary has tablespace id 8, but tablespace with that id or name does not exist. Have you deleted or moved .ibd files? This may also be a table created with CREATE TEMPORARY TABLE whose .ibd and .frm files MySQL automatically removed, but the table still exists in the InnoDB internal data dictionary.
InnoDB: Please refer to
InnoDB: http://dev.mysql.com/doc/refman/5.6/en/innodb-troubleshooting-datadict.html
InnoDB: for how to resolve the issue.
2023-08-14 19:24:29 5652 [ERROR] InnoDB: Table cliente/funcionario in the InnoDB data dictionary has tablespace id 13, but tablespace with that id or name does not exist. Have you deleted or moved .ibd files? This may also be a table created with CREATE TEMPORARY TABLE whose .ibd and .frm files MySQL automatically removed, but the table still exists in the InnoDB internal data dictionary.
InnoDB: Please refer to
InnoDB: http://dev.mysql.com/doc/refman/5.6/en/innodb-troubleshooting-datadict.html
InnoDB: for how to resolve the issue.
2023-08-14 19:24:29 5652 [ERROR] InnoDB: Table cliente/produto in the InnoDB data dictionary has tablespace id 12, but tablespace with that id or name does not exist. Have you deleted or moved .ibd files? This may also be a table created with CREATE TEMPORARY TABLE whose .ibd and .frm files MySQL automatically removed, but the table still exists in the InnoDB internal data dictionary.
InnoDB: Please refer to
InnoDB: http://dev.mysql.com/doc/refman/5.6/en/innodb-troubleshooting-datadict.html
InnoDB: for how to resolve the issue.
2023-08-14 19:24:29 5652 [ERROR] InnoDB: Table cliente/vendas in the InnoDB data dictionary has tablespace id 11, but tablespace with that id or name does not exist. Have you deleted or moved .ibd files? This may also be a table created with CREATE TEMPORARY TABLE whose .ibd and .frm files MySQL automatically removed, but the table still exists in the InnoDB internal data dictionary.
InnoDB: Please refer to
InnoDB: http://dev.mysql.com/doc/refman/5.6/en/innodb-troubleshooting-datadict.html
InnoDB: for how to resolve the issue.
2023-08-14 19:24:29 5652 [ERROR] InnoDB: Table cliente1/alunos in the InnoDB data dictionary has tablespace id 14, but tablespace with that id or name does not exist. Have you deleted or moved .ibd files? This may also be a table created with CREATE TEMPORARY TABLE whose .ibd and .frm files MySQL automatically removed, but the table still exists in the InnoDB internal data dictionary.
InnoDB: Please refer to
InnoDB: http://dev.mysql.com/doc/refman/5.6/en/innodb-troubleshooting-datadict.html
InnoDB: for how to resolve the issue.
2023-08-14 19:24:29 5652 [ERROR] InnoDB: Table escola/alunos in the InnoDB data dictionary has tablespace id 15, but tablespace with that id or name does not exist. Have you deleted or moved .ibd files? This may also be a table created with CREATE TEMPORARY TABLE whose .ibd and .frm files MySQL automatically removed, but the table still exists in the InnoDB internal data dictionary.
InnoDB: Please refer to
InnoDB: http://dev.mysql.com/doc/refman/5.6/en/innodb-troubleshooting-datadict.html
InnoDB: for how to resolve the issue.
2023-08-14 19:24:29 5652 [ERROR] InnoDB: Table escola/funcionarios in the InnoDB data dictionary has tablespace id 16, but tablespace with that id or name does not exist. Have you deleted or moved .ibd files? This may also be a table created with CREATE TEMPORARY TABLE whose .ibd and .frm files MySQL automatically removed, but the table still exists in the InnoDB internal data dictionary.
InnoDB: Please refer to
InnoDB: http://dev.mysql.com/doc/refman/5.6/en/innodb-troubleshooting-datadict.html
InnoDB: for how to resolve the issue.
2023-08-14 19:24:29 5652 [Note] InnoDB: 128 rollback segment(s) are active.
2023-08-14 19:24:29 5652 [Note] InnoDB: Waiting for purge to start
2023-08-14 19:24:29 5652 [Note] InnoDB: 5.6.13 started; log sequence number 1822150
2023-08-14 19:24:29 5652 [Note] Server hostname (bind-address): '*'; port: 3307
2023-08-14 19:24:29 5652 [Note] IPv6 is available.
2023-08-14 19:24:29 5652 [Note]   - '::' resolves to '::';
2023-08-14 19:24:29 5652 [Note] Server socket created on IP: '::'.
2023-08-14 19:24:37 5652 [Note] Event Scheduler: Loaded 0 events
2023-08-14 19:24:37 5652 [Note] G:\DADOS\usbwebserver/mysql/bin/mysqld_usbwv8.exe: ready for connections.
Version: '5.6.13'  socket: ''  port: 3307  MySQL Community Server (GPL)
2023-10-30 19:19:39 12708 [Note] Plugin 'FEDERATED' is disabled.
2023-10-30 19:19:39 12708 [Note] InnoDB: The InnoDB memory heap is disabled
2023-10-30 19:19:39 12708 [Note] InnoDB: Mutexes and rw_locks use Windows interlocked functions
2023-10-30 19:19:39 12708 [Note] InnoDB: Compressed tables use zlib 1.2.3
2023-10-30 19:19:39 12708 [Note] InnoDB: Not using CPU crc32 instructions
2023-10-30 19:19:39 12708 [Note] InnoDB: Initializing buffer pool, size = 128.0M
2023-10-30 19:19:39 12708 [Note] InnoDB: Completed initialization of buffer pool
2023-10-30 19:19:40 12708 [Note] InnoDB: Highest supported file format is Barracuda.
2023-10-30 19:19:40 12708 [Note] InnoDB: The log sequence numbers 1626134 and 1626134 in ibdata files do not match the log sequence number 1828218 in the ib_logfiles!
2023-10-30 19:19:40 12708 [Note] InnoDB: Database was not shutdown normally!
2023-10-30 19:19:40 12708 [Note] InnoDB: Starting crash recovery.
2023-10-30 19:19:40 12708 [Note] InnoDB: Reading tablespace information from the .ibd files...
2023-10-30 19:19:40 12708 [Note] InnoDB: Restoring possible half-written data pages 
2023-10-30 19:19:40 12708 [Note] InnoDB: from the doublewrite buffer...
2023-10-30 19:19:41 12708 [ERROR] InnoDB: Table aula1/alunos in the InnoDB data dictionary has tablespace id 10, but tablespace with that id or name does not exist. Have you deleted or moved .ibd files? This may also be a table created with CREATE TEMPORARY TABLE whose .ibd and .frm files MySQL automatically removed, but the table still exists in the InnoDB internal data dictionary.
InnoDB: Please refer to
InnoDB: http://dev.mysql.com/doc/refman/5.6/en/innodb-troubleshooting-datadict.html
InnoDB: for how to resolve the issue.
2023-10-30 19:19:41 12708 [ERROR] InnoDB: Table cliente/fornecedor in the InnoDB data dictionary has tablespace id 8, but tablespace with that id or name does not exist. Have you deleted or moved .ibd files? This may also be a table created with CREATE TEMPORARY TABLE whose .ibd and .frm files MySQL automatically removed, but the table still exists in the InnoDB internal data dictionary.
InnoDB: Please refer to
InnoDB: http://dev.mysql.com/doc/refman/5.6/en/innodb-troubleshooting-datadict.html
InnoDB: for how to resolve the issue.
2023-10-30 19:19:41 12708 [ERROR] InnoDB: Table cliente/funcionario in the InnoDB data dictionary has tablespace id 13, but tablespace with that id or name does not exist. Have you deleted or moved .ibd files? This may also be a table created with CREATE TEMPORARY TABLE whose .ibd and .frm files MySQL automatically removed, but the table still exists in the InnoDB internal data dictionary.
InnoDB: Please refer to
InnoDB: http://dev.mysql.com/doc/refman/5.6/en/innodb-troubleshooting-datadict.html
InnoDB: for how to resolve the issue.
2023-10-30 19:19:41 12708 [ERROR] InnoDB: Table cliente/produto in the InnoDB data dictionary has tablespace id 12, but tablespace with that id or name does not exist. Have you deleted or moved .ibd files? This may also be a table created with CREATE TEMPORARY TABLE whose .ibd and .frm files MySQL automatically removed, but the table still exists in the InnoDB internal data dictionary.
InnoDB: Please refer to
InnoDB: http://dev.mysql.com/doc/refman/5.6/en/innodb-troubleshooting-datadict.html
InnoDB: for how to resolve the issue.
2023-10-30 19:19:41 12708 [ERROR] InnoDB: Table cliente/vendas in the InnoDB data dictionary has tablespace id 11, but tablespace with that id or name does not exist. Have you deleted or moved .ibd files? This may also be a table created with CREATE TEMPORARY TABLE whose .ibd and .frm files MySQL automatically removed, but the table still exists in the InnoDB internal data dictionary.
InnoDB: Please refer to
InnoDB: http://dev.mysql.com/doc/refman/5.6/en/innodb-troubleshooting-datadict.html
InnoDB: for how to resolve the issue.
2023-10-30 19:19:41 12708 [ERROR] InnoDB: Table cliente1/alunos in the InnoDB data dictionary has tablespace id 14, but tablespace with that id or name does not exist. Have you deleted or moved .ibd files? This may also be a table created with CREATE TEMPORARY TABLE whose .ibd and .frm files MySQL automatically removed, but the table still exists in the InnoDB internal data dictionary.
InnoDB: Please refer to
InnoDB: http://dev.mysql.com/doc/refman/5.6/en/innodb-troubleshooting-datadict.html
InnoDB: for how to resolve the issue.
2023-10-30 19:19:41 12708 [ERROR] InnoDB: Table escola/alunos in the InnoDB data dictionary has tablespace id 15, but tablespace with that id or name does not exist. Have you deleted or moved .ibd files? This may also be a table created with CREATE TEMPORARY TABLE whose .ibd and .frm files MySQL automatically removed, but the table still exists in the InnoDB internal data dictionary.
InnoDB: Please refer to
InnoDB: http://dev.mysql.com/doc/refman/5.6/en/innodb-troubleshooting-datadict.html
InnoDB: for how to resolve the issue.
2023-10-30 19:19:41 12708 [ERROR] InnoDB: Table escola/funcionarios in the InnoDB data dictionary has tablespace id 16, but tablespace with that id or name does not exist. Have you deleted or moved .ibd files? This may also be a table created with CREATE TEMPORARY TABLE whose .ibd and .frm files MySQL automatically removed, but the table still exists in the InnoDB internal data dictionary.
InnoDB: Please refer to
InnoDB: http://dev.mysql.com/doc/refman/5.6/en/innodb-troubleshooting-datadict.html
InnoDB: for how to resolve the issue.
2023-10-30 19:19:41 12708 [Note] InnoDB: 128 rollback segment(s) are active.
2023-10-30 19:19:41 12708 [Note] InnoDB: Waiting for purge to start
2023-10-30 19:19:41 12708 [Note] InnoDB: 5.6.13 started; log sequence number 1828218
2023-10-30 19:19:41 12708 [Note] Server hostname (bind-address): '*'; port: 3307
2023-10-30 19:19:41 12708 [Note] IPv6 is available.
2023-10-30 19:19:41 12708 [Note]   - '::' resolves to '::';
2023-10-30 19:19:41 12708 [Note] Server socket created on IP: '::'.
2023-11-10 21:16:30 13864 [Note] Plugin 'FEDERATED' is disabled.
2023-11-10 21:16:30 13864 [Note] InnoDB: The InnoDB memory heap is disabled
2023-11-10 21:16:30 13864 [Note] InnoDB: Mutexes and rw_locks use Windows interlocked functions
2023-11-10 21:16:30 13864 [Note] InnoDB: Compressed tables use zlib 1.2.3
2023-11-10 21:16:30 13864 [Note] InnoDB: Not using CPU crc32 instructions
2023-11-10 21:16:30 13864 [Note] InnoDB: Initializing buffer pool, size = 128.0M
2023-11-10 21:16:30 13864 [Note] InnoDB: Completed initialization of buffer pool
2023-11-10 21:16:32 13864 [Note] InnoDB: Highest supported file format is Barracuda.
2023-11-10 21:16:32 13864 [Note] InnoDB: The log sequence numbers 1626134 and 1626134 in ibdata files do not match the log sequence number 1836955 in the ib_logfiles!
2023-11-10 21:16:32 13864 [Note] InnoDB: Database was not shutdown normally!
2023-11-10 21:16:32 13864 [Note] InnoDB: Starting crash recovery.
2023-11-10 21:16:32 13864 [Note] InnoDB: Reading tablespace information from the .ibd files...
2023-11-10 21:16:33 13864 [Note] InnoDB: Restoring possible half-written data pages 
2023-11-10 21:16:33 13864 [Note] InnoDB: from the doublewrite buffer...
2023-11-10 21:16:38 13864 [ERROR] InnoDB: Table aula1/alunos in the InnoDB data dictionary has tablespace id 10, but tablespace with that id or name does not exist. Have you deleted or moved .ibd files? This may also be a table created with CREATE TEMPORARY TABLE whose .ibd and .frm files MySQL automatically removed, but the table still exists in the InnoDB internal data dictionary.
InnoDB: Please refer to
InnoDB: http://dev.mysql.com/doc/refman/5.6/en/innodb-troubleshooting-datadict.html
InnoDB: for how to resolve the issue.
2023-11-10 21:16:38 13864 [ERROR] InnoDB: Table cadastro_2dsm/tb_cadastro in the InnoDB data dictionary has tablespace id 20, but tablespace with that id or name does not exist. Have you deleted or moved .ibd files? This may also be a table created with CREATE TEMPORARY TABLE whose .ibd and .frm files MySQL automatically removed, but the table still exists in the InnoDB internal data dictionary.
InnoDB: Please refer to
InnoDB: http://dev.mysql.com/doc/refman/5.6/en/innodb-troubleshooting-datadict.html
InnoDB: for how to resolve the issue.
2023-11-10 21:16:38 13864 [ERROR] InnoDB: Table cadastro_adsva4/tb_cadastro in the InnoDB data dictionary has tablespace id 17, but tablespace with that id or name does not exist. Have you deleted or moved .ibd files? This may also be a table created with CREATE TEMPORARY TABLE whose .ibd and .frm files MySQL automatically removed, but the table still exists in the InnoDB internal data dictionary.
InnoDB: Please refer to
InnoDB: http://dev.mysql.com/doc/refman/5.6/en/innodb-troubleshooting-datadict.html
InnoDB: for how to resolve the issue.
2023-11-10 21:16:38 13864 [ERROR] InnoDB: Table cadastro_dsm/tb_login in the InnoDB data dictionary has tablespace id 19, but tablespace with that id or name does not exist. Have you deleted or moved .ibd files? This may also be a table created with CREATE TEMPORARY TABLE whose .ibd and .frm files MySQL automatically removed, but the table still exists in the InnoDB internal data dictionary.
InnoDB: Please refer to
InnoDB: http://dev.mysql.com/doc/refman/5.6/en/innodb-troubleshooting-datadict.html
InnoDB: for how to resolve the issue.
2023-11-10 21:16:38 13864 [ERROR] InnoDB: Table cliente/fornecedor in the InnoDB data dictionary has tablespace id 8, but tablespace with that id or name does not exist. Have you deleted or moved .ibd files? This may also be a table created with CREATE TEMPORARY TABLE whose .ibd and .frm files MySQL automatically removed, but the table still exists in the InnoDB internal data dictionary.
InnoDB: Please refer to
InnoDB: http://dev.mysql.com/doc/refman/5.6/en/innodb-troubleshooting-datadict.html
InnoDB: for how to resolve the issue.
2023-11-10 21:16:38 13864 [ERROR] InnoDB: Table cliente/funcionario in the InnoDB data dictionary has tablespace id 13, but tablespace with that id or name does not exist. Have you deleted or moved .ibd files? This may also be a table created with CREATE TEMPORARY TABLE whose .ibd and .frm files MySQL automatically removed, but the table still exists in the InnoDB internal data dictionary.
InnoDB: Please refer to
InnoDB: http://dev.mysql.com/doc/refman/5.6/en/innodb-troubleshooting-datadict.html
InnoDB: for how to resolve the issue.
2023-11-10 21:16:38 13864 [ERROR] InnoDB: Table cliente/produto in the InnoDB data dictionary has tablespace id 12, but tablespace with that id or name does not exist. Have you deleted or moved .ibd files? This may also be a table created with CREATE TEMPORARY TABLE whose .ibd and .frm files MySQL automatically removed, but the table still exists in the InnoDB internal data dictionary.
InnoDB: Please refer to
InnoDB: http://dev.mysql.com/doc/refman/5.6/en/innodb-troubleshooting-datadict.html
InnoDB: for how to resolve the issue.
2023-11-10 21:16:38 13864 [ERROR] InnoDB: Table cliente/vendas in the InnoDB data dictionary has tablespace id 11, but tablespace with that id or name does not exist. Have you deleted or moved .ibd files? This may also be a table created with CREATE TEMPORARY TABLE whose .ibd and .frm files MySQL automatically removed, but the table still exists in the InnoDB internal data dictionary.
InnoDB: Please refer to
InnoDB: http://dev.mysql.com/doc/refman/5.6/en/innodb-troubleshooting-datadict.html
InnoDB: for how to resolve the issue.
2023-11-10 21:16:38 13864 [ERROR] InnoDB: Table cliente1/alunos in the InnoDB data dictionary has tablespace id 14, but tablespace with that id or name does not exist. Have you deleted or moved .ibd files? This may also be a table created with CREATE TEMPORARY TABLE whose .ibd and .frm files MySQL automatically removed, but the table still exists in the InnoDB internal data dictionary.
InnoDB: Please refer to
InnoDB: http://dev.mysql.com/doc/refman/5.6/en/innodb-troubleshooting-datadict.html
InnoDB: for how to resolve the issue.
2023-11-10 21:16:38 13864 [ERROR] InnoDB: Table dsm_cadastro/tb_cadastro in the InnoDB data dictionary has tablespace id 21, but tablespace with that id or name does not exist. Have you deleted or moved .ibd files? This may also be a table created with CREATE TEMPORARY TABLE whose .ibd and .frm files MySQL automatically removed, but the table still exists in the InnoDB internal data dictionary.
InnoDB: Please refer to
InnoDB: http://dev.mysql.com/doc/refman/5.6/en/innodb-troubleshooting-datadict.html
InnoDB: for how to resolve the issue.
2023-11-10 21:16:38 13864 [ERROR] InnoDB: Table escola/alunos in the InnoDB data dictionary has tablespace id 15, but tablespace with that id or name does not exist. Have you deleted or moved .ibd files? This may also be a table created with CREATE TEMPORARY TABLE whose .ibd and .frm files MySQL automatically removed, but the table still exists in the InnoDB internal data dictionary.
InnoDB: Please refer to
InnoDB: http://dev.mysql.com/doc/refman/5.6/en/innodb-troubleshooting-datadict.html
InnoDB: for how to resolve the issue.
2023-11-10 21:16:38 13864 [ERROR] InnoDB: Table escola/funcionarios in the InnoDB data dictionary has tablespace id 16, but tablespace with that id or name does not exist. Have you deleted or moved .ibd files? This may also be a table created with CREATE TEMPORARY TABLE whose .ibd and .frm files MySQL automatically removed, but the table still exists in the InnoDB internal data dictionary.
InnoDB: Please refer to
InnoDB: http://dev.mysql.com/doc/refman/5.6/en/innodb-troubleshooting-datadict.html
InnoDB: for how to resolve the issue.
2023-11-10 21:16:38 13864 [ERROR] InnoDB: Table israel/tb_israel in the InnoDB data dictionary has tablespace id 22, but tablespace with that id or name does not exist. Have you deleted or moved .ibd files? This may also be a table created with CREATE TEMPORARY TABLE whose .ibd and .frm files MySQL automatically removed, but the table still exists in the InnoDB internal data dictionary.
InnoDB: Please refer to
InnoDB: http://dev.mysql.com/doc/refman/5.6/en/innodb-troubleshooting-datadict.html
InnoDB: for how to resolve the issue.
2023-11-10 21:16:38 13864 [Note] InnoDB: 128 rollback segment(s) are active.
2023-11-10 21:16:38 13864 [Note] InnoDB: Waiting for purge to start
2023-11-10 21:16:38 13864 [ERROR] InnoDB: Failed to find tablespace for table '"cadastro_dsm"."tb_login"' in the cache. Attempting to load the tablespace with space id 19.
2023-11-10 21:16:38 156c  InnoDB: Operating system error number 3 in a file operation.
InnoDB: The error means the system cannot find the path specified.
2023-11-10 21:16:38 13864 [ERROR] InnoDB: Could not find a valid tablespace file for 'cadastro_dsm/tb_login'. See http://dev.mysql.com/doc/refman/5.6/en/innodb-troubleshooting-datadict.html for how to resolve the issue.
2023-11-10 21:16:41 13864 [Note] InnoDB: 5.6.13 started; log sequence number 1836955
2023-11-10 21:16:41 13864 [Note] Server hostname (bind-address): '*'; port: 3307
2023-11-10 21:16:41 13864 [Note] IPv6 is available.
2023-11-10 21:16:41 13864 [ERROR] InnoDB: Failed to find tablespace for table '"cadastro_adsva4"."tb_cadastro"' in the cache. Attempting to load the tablespace with space id 17.
2023-11-10 21:16:41 13864 [Note]   - '::' resolves to '::';
2023-11-10 21:16:41 156c  InnoDB: Operating system error number 3 in a file operation.
InnoDB: The error means the system cannot find the path specified.
2023-11-10 21:16:41 13864 [Note] Server socket created on IP: '::'.
2023-11-10 21:16:41 13864 [ERROR] InnoDB: Could not find a valid tablespace file for 'cadastro_adsva4/tb_cadastro'. See http://dev.mysql.com/doc/refman/5.6/en/innodb-troubleshooting-datadict.html for how to resolve the issue.
2024-04-01 19:13:04 19068 [Note] Plugin 'FEDERATED' is disabled.
2024-04-01 19:13:04 19068 [Note] InnoDB: The InnoDB memory heap is disabled
2024-04-01 19:13:04 19068 [Note] InnoDB: Mutexes and rw_locks use Windows interlocked functions
2024-04-01 19:13:04 19068 [Note] InnoDB: Compressed tables use zlib 1.2.3
2024-04-01 19:13:04 19068 [Note] InnoDB: Not using CPU crc32 instructions
2024-04-01 19:13:04 19068 [Note] InnoDB: Initializing buffer pool, size = 128.0M
2024-04-01 19:13:04 19068 [Note] InnoDB: Completed initialization of buffer pool
2024-04-01 19:13:04 19068 [Note] InnoDB: Highest supported file format is Barracuda.
2024-04-01 19:13:04 19068 [Note] InnoDB: The log sequence numbers 1626134 and 1626134 in ibdata files do not match the log sequence number 1836975 in the ib_logfiles!
2024-04-01 19:13:04 19068 [Note] InnoDB: Database was not shutdown normally!
2024-04-01 19:13:04 19068 [Note] InnoDB: Starting crash recovery.
2024-04-01 19:13:04 19068 [Note] InnoDB: Reading tablespace information from the .ibd files...
2024-04-01 19:13:05 19068 [Note] InnoDB: Restoring possible half-written data pages 
2024-04-01 19:13:05 19068 [Note] InnoDB: from the doublewrite buffer...
2024-04-01 19:13:05 19068 [ERROR] InnoDB: Table aula1/alunos in the InnoDB data dictionary has tablespace id 10, but tablespace with that id or name does not exist. Have you deleted or moved .ibd files? This may also be a table created with CREATE TEMPORARY TABLE whose .ibd and .frm files MySQL automatically removed, but the table still exists in the InnoDB internal data dictionary.
InnoDB: Please refer to
InnoDB: http://dev.mysql.com/doc/refman/5.6/en/innodb-troubleshooting-datadict.html
InnoDB: for how to resolve the issue.
2024-04-01 19:13:05 19068 [ERROR] InnoDB: Table cadastro_2dsm/tb_cadastro in the InnoDB data dictionary has tablespace id 20, but tablespace with that id or name does not exist. Have you deleted or moved .ibd files? This may also be a table created with CREATE TEMPORARY TABLE whose .ibd and .frm files MySQL automatically removed, but the table still exists in the InnoDB internal data dictionary.
InnoDB: Please refer to
InnoDB: http://dev.mysql.com/doc/refman/5.6/en/innodb-troubleshooting-datadict.html
InnoDB: for how to resolve the issue.
2024-04-01 19:13:05 19068 [ERROR] InnoDB: Table cadastro_adsva4/tb_cadastro in the InnoDB data dictionary has tablespace id 17, but tablespace with that id or name does not exist. Have you deleted or moved .ibd files? This may also be a table created with CREATE TEMPORARY TABLE whose .ibd and .frm files MySQL automatically removed, but the table still exists in the InnoDB internal data dictionary.
InnoDB: Please refer to
InnoDB: http://dev.mysql.com/doc/refman/5.6/en/innodb-troubleshooting-datadict.html
InnoDB: for how to resolve the issue.
2024-04-01 19:13:05 19068 [ERROR] InnoDB: Table cadastro_dsm/tb_login in the InnoDB data dictionary has tablespace id 19, but tablespace with that id or name does not exist. Have you deleted or moved .ibd files? This may also be a table created with CREATE TEMPORARY TABLE whose .ibd and .frm files MySQL automatically removed, but the table still exists in the InnoDB internal data dictionary.
InnoDB: Please refer to
InnoDB: http://dev.mysql.com/doc/refman/5.6/en/innodb-troubleshooting-datadict.html
InnoDB: for how to resolve the issue.
2024-04-01 19:13:05 19068 [ERROR] InnoDB: Table cliente/fornecedor in the InnoDB data dictionary has tablespace id 8, but tablespace with that id or name does not exist. Have you deleted or moved .ibd files? This may also be a table created with CREATE TEMPORARY TABLE whose .ibd and .frm files MySQL automatically removed, but the table still exists in the InnoDB internal data dictionary.
InnoDB: Please refer to
InnoDB: http://dev.mysql.com/doc/refman/5.6/en/innodb-troubleshooting-datadict.html
InnoDB: for how to resolve the issue.
2024-04-01 19:13:05 19068 [ERROR] InnoDB: Table cliente/funcionario in the InnoDB data dictionary has tablespace id 13, but tablespace with that id or name does not exist. Have you deleted or moved .ibd files? This may also be a table created with CREATE TEMPORARY TABLE whose .ibd and .frm files MySQL automatically removed, but the table still exists in the InnoDB internal data dictionary.
InnoDB: Please refer to
InnoDB: http://dev.mysql.com/doc/refman/5.6/en/innodb-troubleshooting-datadict.html
InnoDB: for how to resolve the issue.
2024-04-01 19:13:05 19068 [ERROR] InnoDB: Table cliente/produto in the InnoDB data dictionary has tablespace id 12, but tablespace with that id or name does not exist. Have you deleted or moved .ibd files? This may also be a table created with CREATE TEMPORARY TABLE whose .ibd and .frm files MySQL automatically removed, but the table still exists in the InnoDB internal data dictionary.
InnoDB: Please refer to
InnoDB: http://dev.mysql.com/doc/refman/5.6/en/innodb-troubleshooting-datadict.html
InnoDB: for how to resolve the issue.
2024-04-01 19:13:05 19068 [ERROR] InnoDB: Table cliente/vendas in the InnoDB data dictionary has tablespace id 11, but tablespace with that id or name does not exist. Have you deleted or moved .ibd files? This may also be a table created with CREATE TEMPORARY TABLE whose .ibd and .frm files MySQL automatically removed, but the table still exists in the InnoDB internal data dictionary.
InnoDB: Please refer to
InnoDB: http://dev.mysql.com/doc/refman/5.6/en/innodb-troubleshooting-datadict.html
InnoDB: for how to resolve the issue.
2024-04-01 19:13:05 19068 [ERROR] InnoDB: Table cliente1/alunos in the InnoDB data dictionary has tablespace id 14, but tablespace with that id or name does not exist. Have you deleted or moved .ibd files? This may also be a table created with CREATE TEMPORARY TABLE whose .ibd and .frm files MySQL automatically removed, but the table still exists in the InnoDB internal data dictionary.
InnoDB: Please refer to
InnoDB: http://dev.mysql.com/doc/refman/5.6/en/innodb-troubleshooting-datadict.html
InnoDB: for how to resolve the issue.
2024-04-01 19:13:05 19068 [ERROR] InnoDB: Table dsm_cadastro/tb_cadastro in the InnoDB data dictionary has tablespace id 21, but tablespace with that id or name does not exist. Have you deleted or moved .ibd files? This may also be a table created with CREATE TEMPORARY TABLE whose .ibd and .frm files MySQL automatically removed, but the table still exists in the InnoDB internal data dictionary.
InnoDB: Please refer to
InnoDB: http://dev.mysql.com/doc/refman/5.6/en/innodb-troubleshooting-datadict.html
InnoDB: for how to resolve the issue.
2024-04-01 19:13:05 19068 [ERROR] InnoDB: Table escola/alunos in the InnoDB data dictionary has tablespace id 15, but tablespace with that id or name does not exist. Have you deleted or moved .ibd files? This may also be a table created with CREATE TEMPORARY TABLE whose .ibd and .frm files MySQL automatically removed, but the table still exists in the InnoDB internal data dictionary.
InnoDB: Please refer to
InnoDB: http://dev.mysql.com/doc/refman/5.6/en/innodb-troubleshooting-datadict.html
InnoDB: for how to resolve the issue.
2024-04-01 19:13:05 19068 [ERROR] InnoDB: Table escola/funcionarios in the InnoDB data dictionary has tablespace id 16, but tablespace with that id or name does not exist. Have you deleted or moved .ibd files? This may also be a table created with CREATE TEMPORARY TABLE whose .ibd and .frm files MySQL automatically removed, but the table still exists in the InnoDB internal data dictionary.
InnoDB: Please refer to
InnoDB: http://dev.mysql.com/doc/refman/5.6/en/innodb-troubleshooting-datadict.html
InnoDB: for how to resolve the issue.
2024-04-01 19:13:05 19068 [ERROR] InnoDB: Table israel/tb_israel in the InnoDB data dictionary has tablespace id 22, but tablespace with that id or name does not exist. Have you deleted or moved .ibd files? This may also be a table created with CREATE TEMPORARY TABLE whose .ibd and .frm files MySQL automatically removed, but the table still exists in the InnoDB internal data dictionary.
InnoDB: Please refer to
InnoDB: http://dev.mysql.com/doc/refman/5.6/en/innodb-troubleshooting-datadict.html
InnoDB: for how to resolve the issue.
2024-04-01 19:13:06 19068 [Note] InnoDB: 128 rollback segment(s) are active.
2024-04-01 19:13:06 19068 [Note] InnoDB: Waiting for purge to start
2024-04-01 19:13:06 19068 [ERROR] InnoDB: Failed to find tablespace for table '"cadastro_dsm"."tb_login"' in the cache. Attempting to load the tablespace with space id 19.
2024-04-01 19:13:06 40c  InnoDB: Operating system error number 3 in a file operation.
InnoDB: The error means the system cannot find the path specified.
2024-04-01 19:13:06 19068 [ERROR] InnoDB: Could not find a valid tablespace file for 'cadastro_dsm/tb_login'. See http://dev.mysql.com/doc/refman/5.6/en/innodb-troubleshooting-datadict.html for how to resolve the issue.
2024-04-01 19:13:06 19068 [ERROR] InnoDB: Failed to find tablespace for table '"cadastro_adsva4"."tb_cadastro"' in the cache. Attempting to load the tablespace with space id 17.
2024-04-01 19:13:06 40c  InnoDB: Operating system error number 3 in a file operation.
InnoDB: The error means the system cannot find the path specified.
2024-04-01 19:13:06 19068 [ERROR] InnoDB: Could not find a valid tablespace file for 'cadastro_adsva4/tb_cadastro'. See http://dev.mysql.com/doc/refman/5.6/en/innodb-troubleshooting-datadict.html for how to resolve the issue.
2024-04-01 19:13:06 19068 [Note] InnoDB: 5.6.13 started; log sequence number 1836975
2024-04-01 19:13:06 19068 [Note] Server hostname (bind-address): '*'; port: 3307
2024-04-01 19:13:06 19068 [Note] IPv6 is available.
2024-04-01 19:13:06 19068 [Note]   - '::' resolves to '::';
2024-04-01 19:13:06 19068 [Note] Server socket created on IP: '::'.
2024-08-19 19:35:45 18996 [Note] Plugin 'FEDERATED' is disabled.
2024-08-19 19:35:46 18996 [Note] InnoDB: The InnoDB memory heap is disabled
2024-08-19 19:35:46 18996 [Note] InnoDB: Mutexes and rw_locks use Windows interlocked functions
2024-08-19 19:35:46 18996 [Note] InnoDB: Compressed tables use zlib 1.2.3
2024-08-19 19:35:46 18996 [Note] InnoDB: Not using CPU crc32 instructions
2024-08-19 19:35:46 18996 [Note] InnoDB: Initializing buffer pool, size = 128.0M
2024-08-19 19:35:46 18996 [Note] InnoDB: Completed initialization of buffer pool
2024-08-19 19:35:50 18996 [Note] InnoDB: Highest supported file format is Barracuda.
2024-08-19 19:35:50 18996 [Note] InnoDB: The log sequence numbers 1626134 and 1626134 in ibdata files do not match the log sequence number 1897567 in the ib_logfiles!
2024-08-19 19:35:50 18996 [Note] InnoDB: Database was not shutdown normally!
2024-08-19 19:35:50 18996 [Note] InnoDB: Starting crash recovery.
2024-08-19 19:35:50 18996 [Note] InnoDB: Reading tablespace information from the .ibd files...
2024-08-19 19:35:52 18996 [Note] InnoDB: Restoring possible half-written data pages 
2024-08-19 19:35:52 18996 [Note] InnoDB: from the doublewrite buffer...
2024-08-19 19:35:56 18996 [ERROR] InnoDB: Table aula1/alunos in the InnoDB data dictionary has tablespace id 10, but tablespace with that id or name does not exist. Have you deleted or moved .ibd files? This may also be a table created with CREATE TEMPORARY TABLE whose .ibd and .frm files MySQL automatically removed, but the table still exists in the InnoDB internal data dictionary.
InnoDB: Please refer to
InnoDB: http://dev.mysql.com/doc/refman/5.6/en/innodb-troubleshooting-datadict.html
InnoDB: for how to resolve the issue.
2024-08-19 19:35:56 4a28  InnoDB: Error: table 'cadastro_2dsm/tb_cadastro'
InnoDB: in InnoDB data dictionary has tablespace id 20,
InnoDB: but a tablespace with that id does not exist. There is
InnoDB: a tablespace of name cadastro_2dsm/tb_cadastro and id 25, though. Have
InnoDB: you deleted or moved .ibd files?
InnoDB: Please refer to
InnoDB: http://dev.mysql.com/doc/refman/5.6/en/innodb-troubleshooting-datadict.html
InnoDB: for how to resolve the issue.
2024-08-19 19:35:56 18996 [ERROR] InnoDB: Table cadastro_adsva4/tb_cadastro in the InnoDB data dictionary has tablespace id 17, but tablespace with that id or name does not exist. Have you deleted or moved .ibd files? This may also be a table created with CREATE TEMPORARY TABLE whose .ibd and .frm files MySQL automatically removed, but the table still exists in the InnoDB internal data dictionary.
InnoDB: Please refer to
InnoDB: http://dev.mysql.com/doc/refman/5.6/en/innodb-troubleshooting-datadict.html
InnoDB: for how to resolve the issue.
2024-08-19 19:35:56 18996 [ERROR] InnoDB: Table cadastro_dsm/tb_login in the InnoDB data dictionary has tablespace id 19, but tablespace with that id or name does not exist. Have you deleted or moved .ibd files? This may also be a table created with CREATE TEMPORARY TABLE whose .ibd and .frm files MySQL automatically removed, but the table still exists in the InnoDB internal data dictionary.
InnoDB: Please refer to
InnoDB: http://dev.mysql.com/doc/refman/5.6/en/innodb-troubleshooting-datadict.html
InnoDB: for how to resolve the issue.
2024-08-19 19:35:56 18996 [ERROR] InnoDB: Table cliente/fornecedor in the InnoDB data dictionary has tablespace id 8, but tablespace with that id or name does not exist. Have you deleted or moved .ibd files? This may also be a table created with CREATE TEMPORARY TABLE whose .ibd and .frm files MySQL automatically removed, but the table still exists in the InnoDB internal data dictionary.
InnoDB: Please refer to
InnoDB: http://dev.mysql.com/doc/refman/5.6/en/innodb-troubleshooting-datadict.html
InnoDB: for how to resolve the issue.
2024-08-19 19:35:56 18996 [ERROR] InnoDB: Table cliente/funcionario in the InnoDB data dictionary has tablespace id 13, but tablespace with that id or name does not exist. Have you deleted or moved .ibd files? This may also be a table created with CREATE TEMPORARY TABLE whose .ibd and .frm files MySQL automatically removed, but the table still exists in the InnoDB internal data dictionary.
InnoDB: Please refer to
InnoDB: http://dev.mysql.com/doc/refman/5.6/en/innodb-troubleshooting-datadict.html
InnoDB: for how to resolve the issue.
2024-08-19 19:35:56 18996 [ERROR] InnoDB: Table cliente/produto in the InnoDB data dictionary has tablespace id 12, but tablespace with that id or name does not exist. Have you deleted or moved .ibd files? This may also be a table created with CREATE TEMPORARY TABLE whose .ibd and .frm files MySQL automatically removed, but the table still exists in the InnoDB internal data dictionary.
InnoDB: Please refer to
InnoDB: http://dev.mysql.com/doc/refman/5.6/en/innodb-troubleshooting-datadict.html
InnoDB: for how to resolve the issue.
2024-08-19 19:35:56 18996 [ERROR] InnoDB: Table cliente/vendas in the InnoDB data dictionary has tablespace id 11, but tablespace with that id or name does not exist. Have you deleted or moved .ibd files? This may also be a table created with CREATE TEMPORARY TABLE whose .ibd and .frm files MySQL automatically removed, but the table still exists in the InnoDB internal data dictionary.
InnoDB: Please refer to
InnoDB: http://dev.mysql.com/doc/refman/5.6/en/innodb-troubleshooting-datadict.html
InnoDB: for how to resolve the issue.
2024-08-19 19:35:56 18996 [ERROR] InnoDB: Table cliente1/alunos in the InnoDB data dictionary has tablespace id 14, but tablespace with that id or name does not exist. Have you deleted or moved .ibd files? This may also be a table created with CREATE TEMPORARY TABLE whose .ibd and .frm files MySQL automatically removed, but the table still exists in the InnoDB internal data dictionary.
InnoDB: Please refer to
InnoDB: http://dev.mysql.com/doc/refman/5.6/en/innodb-troubleshooting-datadict.html
InnoDB: for how to resolve the issue.
2024-08-19 19:35:56 18996 [ERROR] InnoDB: Table dsm_cadastro/tb_cadastro in the InnoDB data dictionary has tablespace id 21, but tablespace with that id or name does not exist. Have you deleted or moved .ibd files? This may also be a table created with CREATE TEMPORARY TABLE whose .ibd and .frm files MySQL automatically removed, but the table still exists in the InnoDB internal data dictionary.
InnoDB: Please refer to
InnoDB: http://dev.mysql.com/doc/refman/5.6/en/innodb-troubleshooting-datadict.html
InnoDB: for how to resolve the issue.
2024-08-19 19:35:56 18996 [ERROR] InnoDB: Table escola/alunos in the InnoDB data dictionary has tablespace id 15, but tablespace with that id or name does not exist. Have you deleted or moved .ibd files? This may also be a table created with CREATE TEMPORARY TABLE whose .ibd and .frm files MySQL automatically removed, but the table still exists in the InnoDB internal data dictionary.
InnoDB: Please refer to
InnoDB: http://dev.mysql.com/doc/refman/5.6/en/innodb-troubleshooting-datadict.html
InnoDB: for how to resolve the issue.
2024-08-19 19:35:56 18996 [ERROR] InnoDB: Table escola/funcionarios in the InnoDB data dictionary has tablespace id 16, but tablespace with that id or name does not exist. Have you deleted or moved .ibd files? This may also be a table created with CREATE TEMPORARY TABLE whose .ibd and .frm files MySQL automatically removed, but the table still exists in the InnoDB internal data dictionary.
InnoDB: Please refer to
InnoDB: http://dev.mysql.com/doc/refman/5.6/en/innodb-troubleshooting-datadict.html
InnoDB: for how to resolve the issue.
2024-08-19 19:35:56 18996 [ERROR] InnoDB: Table israel/tb_israel in the InnoDB data dictionary has tablespace id 22, but tablespace with that id or name does not exist. Have you deleted or moved .ibd files? This may also be a table created with CREATE TEMPORARY TABLE whose .ibd and .frm files MySQL automatically removed, but the table still exists in the InnoDB internal data dictionary.
InnoDB: Please refer to
InnoDB: http://dev.mysql.com/doc/refman/5.6/en/innodb-troubleshooting-datadict.html
InnoDB: for how to resolve the issue.
2024-08-19 19:35:56 18996 [Note] InnoDB: 128 rollback segment(s) are active.
2024-08-19 19:35:56 18996 [Note] InnoDB: Waiting for purge to start
2024-08-19 19:35:56 18996 [ERROR] InnoDB: Failed to find tablespace for table '"cadastro_dsm"."tb_login"' in the cache. Attempting to load the tablespace with space id 19.
2024-08-19 19:35:56 2864  InnoDB: Operating system error number 3 in a file operation.
InnoDB: The error means the system cannot find the path specified.
2024-08-19 19:35:56 18996 [ERROR] InnoDB: Could not find a valid tablespace file for 'cadastro_dsm/tb_login'. See http://dev.mysql.com/doc/refman/5.6/en/innodb-troubleshooting-datadict.html for how to resolve the issue.
2024-08-19 19:35:56 18996 [ERROR] InnoDB: Failed to find tablespace for table '"cadastro_adsva4"."tb_cadastro"' in the cache. Attempting to load the tablespace with space id 17.
2024-08-19 19:35:56 2864  InnoDB: Operating system error number 3 in a file operation.
InnoDB: The error means the system cannot find the path specified.
2024-08-19 19:35:56 18996 [ERROR] InnoDB: Could not find a valid tablespace file for 'cadastro_adsva4/tb_cadastro'. See http://dev.mysql.com/doc/refman/5.6/en/innodb-troubleshooting-datadict.html for how to resolve the issue.
2024-08-19 19:35:56 18996 [Note] InnoDB: 5.6.13 started; log sequence number 1897567
2024-08-19 19:35:56 18996 [Note] Server hostname (bind-address): '*'; port: 3307
2024-08-19 19:35:56 18996 [Note] IPv6 is available.
2024-08-19 19:35:56 18996 [Note]   - '::' resolves to '::';
2024-08-19 19:35:56 18996 [Note] Server socket created on IP: '::'.
2025-08-11 19:16:09 19532 [Note] Plugin 'FEDERATED' is disabled.
2025-08-11 19:16:09 19532 [Note] InnoDB: The InnoDB memory heap is disabled
2025-08-11 19:16:09 19532 [Note] InnoDB: Mutexes and rw_locks use Windows interlocked functions
2025-08-11 19:16:09 19532 [Note] InnoDB: Compressed tables use zlib 1.2.3
2025-08-11 19:16:09 19532 [Note] InnoDB: Not using CPU crc32 instructions
2025-08-11 19:16:09 19532 [Note] InnoDB: Initializing buffer pool, size = 128.0M
2025-08-11 19:16:09 19532 [Note] InnoDB: Completed initialization of buffer pool
2025-08-25 19:34:10 22436 [Note] Plugin 'FEDERATED' is disabled.
2025-08-25 19:34:10 22436 [Note] InnoDB: The InnoDB memory heap is disabled
2025-08-25 19:34:10 22436 [Note] InnoDB: Mutexes and rw_locks use Windows interlocked functions
2025-08-25 19:34:10 22436 [Note] InnoDB: Compressed tables use zlib 1.2.3
2025-08-25 19:34:10 22436 [Note] InnoDB: Not using CPU crc32 instructions
2025-08-25 19:34:10 22436 [Note] InnoDB: Initializing buffer pool, size = 128.0M
2025-08-25 19:34:10 22436 [Note] InnoDB: Completed initialization of buffer pool
2025-08-25 19:34:20 22436 [Note] InnoDB: Highest supported file format is Barracuda.
2025-08-25 19:34:21 22436 [Note] InnoDB: The log sequence numbers 1626134 and 1626134 in ibdata files do not match the log sequence number 1942687 in the ib_logfiles!
2025-08-25 19:34:21 22436 [Note] InnoDB: Database was not shutdown normally!
2025-08-25 19:34:21 22436 [Note] InnoDB: Starting crash recovery.
2025-08-25 19:34:21 22436 [Note] InnoDB: Reading tablespace information from the .ibd files...
2025-08-25 19:34:24 22436 [Note] InnoDB: Restoring possible half-written data pages 
2025-08-25 19:34:24 22436 [Note] InnoDB: from the doublewrite buffer...
2025-08-25 19:34:32 22436 [ERROR] InnoDB: Table aula1/alunos in the InnoDB data dictionary has tablespace id 10, but tablespace with that id or name does not exist. Have you deleted or moved .ibd files? This may also be a table created with CREATE TEMPORARY TABLE whose .ibd and .frm files MySQL automatically removed, but the table still exists in the InnoDB internal data dictionary.
InnoDB: Please refer to
InnoDB: http://dev.mysql.com/doc/refman/5.6/en/innodb-troubleshooting-datadict.html
InnoDB: for how to resolve the issue.
2025-08-25 19:34:32 22436 [ERROR] InnoDB: Table cadastro_2dsm/tb_cad in the InnoDB data dictionary has tablespace id 26, but tablespace with that id or name does not exist. Have you deleted or moved .ibd files? This may also be a table created with CREATE TEMPORARY TABLE whose .ibd and .frm files MySQL automatically removed, but the table still exists in the InnoDB internal data dictionary.
InnoDB: Please refer to
InnoDB: http://dev.mysql.com/doc/refman/5.6/en/innodb-troubleshooting-datadict.html
InnoDB: for how to resolve the issue.
2025-08-25 19:34:32 22436 [ERROR] InnoDB: Table cadastro_2dsm/tb_cadastro in the InnoDB data dictionary has tablespace id 20, but tablespace with that id or name does not exist. Have you deleted or moved .ibd files? This may also be a table created with CREATE TEMPORARY TABLE whose .ibd and .frm files MySQL automatically removed, but the table still exists in the InnoDB internal data dictionary.
InnoDB: Please refer to
InnoDB: http://dev.mysql.com/doc/refman/5.6/en/innodb-troubleshooting-datadict.html
InnoDB: for how to resolve the issue.
2025-08-25 19:34:32 22436 [ERROR] InnoDB: Table cadastro_adsva4/tb_cadastro in the InnoDB data dictionary has tablespace id 17, but tablespace with that id or name does not exist. Have you deleted or moved .ibd files? This may also be a table created with CREATE TEMPORARY TABLE whose .ibd and .frm files MySQL automatically removed, but the table still exists in the InnoDB internal data dictionary.
InnoDB: Please refer to
InnoDB: http://dev.mysql.com/doc/refman/5.6/en/innodb-troubleshooting-datadict.html
InnoDB: for how to resolve the issue.
2025-08-25 19:34:32 22436 [ERROR] InnoDB: Table cadastro_clientes/tb_clientes in the InnoDB data dictionary has tablespace id 23, but tablespace with that id or name does not exist. Have you deleted or moved .ibd files? This may also be a table created with CREATE TEMPORARY TABLE whose .ibd and .frm files MySQL automatically removed, but the table still exists in the InnoDB internal data dictionary.
InnoDB: Please refer to
InnoDB: http://dev.mysql.com/doc/refman/5.6/en/innodb-troubleshooting-datadict.html
InnoDB: for how to resolve the issue.
2025-08-25 19:34:32 22436 [ERROR] InnoDB: Table cadastro_contas/tb_login in the InnoDB data dictionary has tablespace id 27, but tablespace with that id or name does not exist. Have you deleted or moved .ibd files? This may also be a table created with CREATE TEMPORARY TABLE whose .ibd and .frm files MySQL automatically removed, but the table still exists in the InnoDB internal data dictionary.
InnoDB: Please refer to
InnoDB: http://dev.mysql.com/doc/refman/5.6/en/innodb-troubleshooting-datadict.html
InnoDB: for how to resolve the issue.
2025-08-25 19:34:32 22436 [ERROR] InnoDB: Table cadastro_dsm/tb_login in the InnoDB data dictionary has tablespace id 19, but tablespace with that id or name does not exist. Have you deleted or moved .ibd files? This may also be a table created with CREATE TEMPORARY TABLE whose .ibd and .frm files MySQL automatically removed, but the table still exists in the InnoDB internal data dictionary.
InnoDB: Please refer to
InnoDB: http://dev.mysql.com/doc/refman/5.6/en/innodb-troubleshooting-datadict.html
InnoDB: for how to resolve the issue.
2025-08-25 19:34:32 22436 [ERROR] InnoDB: Table cadastro_produtos/cad_produto in the InnoDB data dictionary has tablespace id 24, but tablespace with that id or name does not exist. Have you deleted or moved .ibd files? This may also be a table created with CREATE TEMPORARY TABLE whose .ibd and .frm files MySQL automatically removed, but the table still exists in the InnoDB internal data dictionary.
InnoDB: Please refer to
InnoDB: http://dev.mysql.com/doc/refman/5.6/en/innodb-troubleshooting-datadict.html
InnoDB: for how to resolve the issue.
2025-08-25 19:34:32 22436 [ERROR] InnoDB: Table cliente/fornecedor in the InnoDB data dictionary has tablespace id 8, but tablespace with that id or name does not exist. Have you deleted or moved .ibd files? This may also be a table created with CREATE TEMPORARY TABLE whose .ibd and .frm files MySQL automatically removed, but the table still exists in the InnoDB internal data dictionary.
InnoDB: Please refer to
InnoDB: http://dev.mysql.com/doc/refman/5.6/en/innodb-troubleshooting-datadict.html
InnoDB: for how to resolve the issue.
2025-08-25 19:34:32 22436 [ERROR] InnoDB: Table cliente/funcionario in the InnoDB data dictionary has tablespace id 13, but tablespace with that id or name does not exist. Have you deleted or moved .ibd files? This may also be a table created with CREATE TEMPORARY TABLE whose .ibd and .frm files MySQL automatically removed, but the table still exists in the InnoDB internal data dictionary.
InnoDB: Please refer to
InnoDB: http://dev.mysql.com/doc/refman/5.6/en/innodb-troubleshooting-datadict.html
InnoDB: for how to resolve the issue.
2025-08-25 19:34:32 22436 [ERROR] InnoDB: Table cliente/produto in the InnoDB data dictionary has tablespace id 12, but tablespace with that id or name does not exist. Have you deleted or moved .ibd files? This may also be a table created with CREATE TEMPORARY TABLE whose .ibd and .frm files MySQL automatically removed, but the table still exists in the InnoDB internal data dictionary.
InnoDB: Please refer to
InnoDB: http://dev.mysql.com/doc/refman/5.6/en/innodb-troubleshooting-datadict.html
InnoDB: for how to resolve the issue.
2025-08-25 19:34:32 22436 [ERROR] InnoDB: Table cliente/vendas in the InnoDB data dictionary has tablespace id 11, but tablespace with that id or name does not exist. Have you deleted or moved .ibd files? This may also be a table created with CREATE TEMPORARY TABLE whose .ibd and .frm files MySQL automatically removed, but the table still exists in the InnoDB internal data dictionary.
InnoDB: Please refer to
InnoDB: http://dev.mysql.com/doc/refman/5.6/en/innodb-troubleshooting-datadict.html
InnoDB: for how to resolve the issue.
2025-08-25 19:34:32 22436 [ERROR] InnoDB: Table cliente1/alunos in the InnoDB data dictionary has tablespace id 14, but tablespace with that id or name does not exist. Have you deleted or moved .ibd files? This may also be a table created with CREATE TEMPORARY TABLE whose .ibd and .frm files MySQL automatically removed, but the table still exists in the InnoDB internal data dictionary.
InnoDB: Please refer to
InnoDB: http://dev.mysql.com/doc/refman/5.6/en/innodb-troubleshooting-datadict.html
InnoDB: for how to resolve the issue.
2025-08-25 19:34:32 22436 [ERROR] InnoDB: Table dsm_cadastro/tb_cadastro in the InnoDB data dictionary has tablespace id 21, but tablespace with that id or name does not exist. Have you deleted or moved .ibd files? This may also be a table created with CREATE TEMPORARY TABLE whose .ibd and .frm files MySQL automatically removed, but the table still exists in the InnoDB internal data dictionary.
InnoDB: Please refer to
InnoDB: http://dev.mysql.com/doc/refman/5.6/en/innodb-troubleshooting-datadict.html
InnoDB: for how to resolve the issue.
2025-08-25 19:34:32 22436 [ERROR] InnoDB: Table escola/alunos in the InnoDB data dictionary has tablespace id 15, but tablespace with that id or name does not exist. Have you deleted or moved .ibd files? This may also be a table created with CREATE TEMPORARY TABLE whose .ibd and .frm files MySQL automatically removed, but the table still exists in the InnoDB internal data dictionary.
InnoDB: Please refer to
InnoDB: http://dev.mysql.com/doc/refman/5.6/en/innodb-troubleshooting-datadict.html
InnoDB: for how to resolve the issue.
2025-08-25 19:34:32 22436 [ERROR] InnoDB: Table escola/funcionarios in the InnoDB data dictionary has tablespace id 16, but tablespace with that id or name does not exist. Have you deleted or moved .ibd files? This may also be a table created with CREATE TEMPORARY TABLE whose .ibd and .frm files MySQL automatically removed, but the table still exists in the InnoDB internal data dictionary.
InnoDB: Please refer to
InnoDB: http://dev.mysql.com/doc/refman/5.6/en/innodb-troubleshooting-datadict.html
InnoDB: for how to resolve the issue.
2025-08-25 19:34:32 22436 [ERROR] InnoDB: Table israel/tb_israel in the InnoDB data dictionary has tablespace id 22, but tablespace with that id or name does not exist. Have you deleted or moved .ibd files? This may also be a table created with CREATE TEMPORARY TABLE whose .ibd and .frm files MySQL automatically removed, but the table still exists in the InnoDB internal data dictionary.
InnoDB: Please refer to
InnoDB: http://dev.mysql.com/doc/refman/5.6/en/innodb-troubleshooting-datadict.html
InnoDB: for how to resolve the issue.
2025-08-25 19:34:32 22436 [Note] InnoDB: 128 rollback segment(s) are active.
2025-08-25 19:34:32 22436 [Note] InnoDB: Waiting for purge to start
2025-08-25 19:34:32 22436 [Note] InnoDB: 5.6.13 started; log sequence number 1942687
2025-08-25 19:34:32 22436 [Note] Server hostname (bind-address): '*'; port: 3307
2025-08-25 19:34:32 22436 [Note] IPv6 is available.
2025-08-25 19:34:32 22436 [Note]   - '::' resolves to '::';
2025-08-25 19:34:32 22436 [Note] Server socket created on IP: '::'.
2025-08-25 19:34:32 22436 [ERROR] InnoDB: Failed to find tablespace for table '"cadastro_contas"."tb_login"' in the cache. Attempting to load the tablespace with space id 27.
2025-08-25 19:34:32 2af4  InnoDB: Operating system error number 3 in a file operation.
InnoDB: The error means the system cannot find the path specified.
2025-08-25 19:34:32 22436 [ERROR] InnoDB: Could not find a valid tablespace file for 'cadastro_contas/tb_login'. See http://dev.mysql.com/doc/refman/5.6/en/innodb-troubleshooting-datadict.html for how to resolve the issue.
2025-08-25 19:34:32 22436 [ERROR] InnoDB: Failed to find tablespace for table '"cadastro_dsm"."tb_login"' in the cache. Attempting to load the tablespace with space id 19.
2025-08-25 19:34:32 2af4  InnoDB: Operating system error number 3 in a file operation.
InnoDB: The error means the system cannot find the path specified.
2025-08-25 19:34:32 22436 [ERROR] InnoDB: Could not find a valid tablespace file for 'cadastro_dsm/tb_login'. See http://dev.mysql.com/doc/refman/5.6/en/innodb-troubleshooting-datadict.html for how to resolve the issue.
2025-09-01 19:25:58 18752 [Note] Plugin 'FEDERATED' is disabled.
2025-09-01 19:25:59 18752 [Note] InnoDB: The InnoDB memory heap is disabled
2025-09-01 19:25:59 18752 [Note] InnoDB: Mutexes and rw_locks use Windows interlocked functions
2025-09-01 19:25:59 18752 [Note] InnoDB: Compressed tables use zlib 1.2.3
2025-09-01 19:26:00 18752 [Note] InnoDB: Not using CPU crc32 instructions
2025-09-01 19:26:00 18752 [Note] InnoDB: Initializing buffer pool, size = 128.0M
2025-09-01 19:26:00 18752 [Note] InnoDB: Completed initialization of buffer pool
2025-09-01 19:26:08 18752 [Note] InnoDB: Highest supported file format is Barracuda.
2025-09-01 19:26:08 18752 [Note] InnoDB: The log sequence numbers 1626134 and 1626134 in ibdata files do not match the log sequence number 1965396 in the ib_logfiles!
2025-09-01 19:26:08 18752 [Note] InnoDB: Database was not shutdown normally!
2025-09-01 19:26:08 18752 [Note] InnoDB: Starting crash recovery.
2025-09-01 19:26:08 18752 [Note] InnoDB: Reading tablespace information from the .ibd files...
2025-09-01 19:26:09 18752 [Note] InnoDB: Restoring possible half-written data pages 
2025-09-01 19:26:09 18752 [Note] InnoDB: from the doublewrite buffer...
2025-09-01 19:26:14 18752 [ERROR] InnoDB: Table aula1/alunos in the InnoDB data dictionary has tablespace id 10, but tablespace with that id or name does not exist. Have you deleted or moved .ibd files? This may also be a table created with CREATE TEMPORARY TABLE whose .ibd and .frm files MySQL automatically removed, but the table still exists in the InnoDB internal data dictionary.
InnoDB: Please refer to
InnoDB: http://dev.mysql.com/doc/refman/5.6/en/innodb-troubleshooting-datadict.html
InnoDB: for how to resolve the issue.
2025-09-01 19:26:14 18752 [ERROR] InnoDB: Table cadastro_2dsm/tb_cad in the InnoDB data dictionary has tablespace id 26, but tablespace with that id or name does not exist. Have you deleted or moved .ibd files? This may also be a table created with CREATE TEMPORARY TABLE whose .ibd and .frm files MySQL automatically removed, but the table still exists in the InnoDB internal data dictionary.
InnoDB: Please refer to
InnoDB: http://dev.mysql.com/doc/refman/5.6/en/innodb-troubleshooting-datadict.html
InnoDB: for how to resolve the issue.
2025-09-01 19:26:14 18752 [ERROR] InnoDB: Table cadastro_2dsm/tb_cadastro in the InnoDB data dictionary has tablespace id 20, but tablespace with that id or name does not exist. Have you deleted or moved .ibd files? This may also be a table created with CREATE TEMPORARY TABLE whose .ibd and .frm files MySQL automatically removed, but the table still exists in the InnoDB internal data dictionary.
InnoDB: Please refer to
InnoDB: http://dev.mysql.com/doc/refman/5.6/en/innodb-troubleshooting-datadict.html
InnoDB: for how to resolve the issue.
2025-09-01 19:26:14 18752 [ERROR] InnoDB: Table cadastro_adsva4/tb_cadastro in the InnoDB data dictionary has tablespace id 17, but tablespace with that id or name does not exist. Have you deleted or moved .ibd files? This may also be a table created with CREATE TEMPORARY TABLE whose .ibd and .frm files MySQL automatically removed, but the table still exists in the InnoDB internal data dictionary.
InnoDB: Please refer to
InnoDB: http://dev.mysql.com/doc/refman/5.6/en/innodb-troubleshooting-datadict.html
InnoDB: for how to resolve the issue.
2025-09-01 19:26:14 18752 [ERROR] InnoDB: Table cadastro_clientes/tb_clientes in the InnoDB data dictionary has tablespace id 23, but tablespace with that id or name does not exist. Have you deleted or moved .ibd files? This may also be a table created with CREATE TEMPORARY TABLE whose .ibd and .frm files MySQL automatically removed, but the table still exists in the InnoDB internal data dictionary.
InnoDB: Please refer to
InnoDB: http://dev.mysql.com/doc/refman/5.6/en/innodb-troubleshooting-datadict.html
InnoDB: for how to resolve the issue.
2025-09-01 19:26:14 18752 [ERROR] InnoDB: Table cadastro_contas/tb_login in the InnoDB data dictionary has tablespace id 27, but tablespace with that id or name does not exist. Have you deleted or moved .ibd files? This may also be a table created with CREATE TEMPORARY TABLE whose .ibd and .frm files MySQL automatically removed, but the table still exists in the InnoDB internal data dictionary.
InnoDB: Please refer to
InnoDB: http://dev.mysql.com/doc/refman/5.6/en/innodb-troubleshooting-datadict.html
InnoDB: for how to resolve the issue.
2025-09-01 19:26:14 18752 [ERROR] InnoDB: Table cadastro_dsm/tb_login in the InnoDB data dictionary has tablespace id 19, but tablespace with that id or name does not exist. Have you deleted or moved .ibd files? This may also be a table created with CREATE TEMPORARY TABLE whose .ibd and .frm files MySQL automatically removed, but the table still exists in the InnoDB internal data dictionary.
InnoDB: Please refer to
InnoDB: http://dev.mysql.com/doc/refman/5.6/en/innodb-troubleshooting-datadict.html
InnoDB: for how to resolve the issue.
2025-09-01 19:26:14 18752 [ERROR] InnoDB: Table cadastro_produtos/cad_produto in the InnoDB data dictionary has tablespace id 24, but tablespace with that id or name does not exist. Have you deleted or moved .ibd files? This may also be a table created with CREATE TEMPORARY TABLE whose .ibd and .frm files MySQL automatically removed, but the table still exists in the InnoDB internal data dictionary.
InnoDB: Please refer to
InnoDB: http://dev.mysql.com/doc/refman/5.6/en/innodb-troubleshooting-datadict.html
InnoDB: for how to resolve the issue.
2025-09-01 19:26:14 18752 [ERROR] InnoDB: Table cliente/fornecedor in the InnoDB data dictionary has tablespace id 8, but tablespace with that id or name does not exist. Have you deleted or moved .ibd files? This may also be a table created with CREATE TEMPORARY TABLE whose .ibd and .frm files MySQL automatically removed, but the table still exists in the InnoDB internal data dictionary.
InnoDB: Please refer to
InnoDB: http://dev.mysql.com/doc/refman/5.6/en/innodb-troubleshooting-datadict.html
InnoDB: for how to resolve the issue.
2025-09-01 19:26:14 18752 [ERROR] InnoDB: Table cliente/funcionario in the InnoDB data dictionary has tablespace id 13, but tablespace with that id or name does not exist. Have you deleted or moved .ibd files? This may also be a table created with CREATE TEMPORARY TABLE whose .ibd and .frm files MySQL automatically removed, but the table still exists in the InnoDB internal data dictionary.
InnoDB: Please refer to
InnoDB: http://dev.mysql.com/doc/refman/5.6/en/innodb-troubleshooting-datadict.html
InnoDB: for how to resolve the issue.
2025-09-01 19:26:14 18752 [ERROR] InnoDB: Table cliente/produto in the InnoDB data dictionary has tablespace id 12, but tablespace with that id or name does not exist. Have you deleted or moved .ibd files? This may also be a table created with CREATE TEMPORARY TABLE whose .ibd and .frm files MySQL automatically removed, but the table still exists in the InnoDB internal data dictionary.
InnoDB: Please refer to
InnoDB: http://dev.mysql.com/doc/refman/5.6/en/innodb-troubleshooting-datadict.html
InnoDB: for how to resolve the issue.
2025-09-01 19:26:14 18752 [ERROR] InnoDB: Table cliente/vendas in the InnoDB data dictionary has tablespace id 11, but tablespace with that id or name does not exist. Have you deleted or moved .ibd files? This may also be a table created with CREATE TEMPORARY TABLE whose .ibd and .frm files MySQL automatically removed, but the table still exists in the InnoDB internal data dictionary.
InnoDB: Please refer to
InnoDB: http://dev.mysql.com/doc/refman/5.6/en/innodb-troubleshooting-datadict.html
InnoDB: for how to resolve the issue.
2025-09-01 19:26:14 18752 [ERROR] InnoDB: Table cliente1/alunos in the InnoDB data dictionary has tablespace id 14, but tablespace with that id or name does not exist. Have you deleted or moved .ibd files? This may also be a table created with CREATE TEMPORARY TABLE whose .ibd and .frm files MySQL automatically removed, but the table still exists in the InnoDB internal data dictionary.
InnoDB: Please refer to
InnoDB: http://dev.mysql.com/doc/refman/5.6/en/innodb-troubleshooting-datadict.html
InnoDB: for how to resolve the issue.
2025-09-01 19:26:14 18752 [ERROR] InnoDB: Table dsm_cadastro/tb_cadastro in the InnoDB data dictionary has tablespace id 21, but tablespace with that id or name does not exist. Have you deleted or moved .ibd files? This may also be a table created with CREATE TEMPORARY TABLE whose .ibd and .frm files MySQL automatically removed, but the table still exists in the InnoDB internal data dictionary.
InnoDB: Please refer to
InnoDB: http://dev.mysql.com/doc/refman/5.6/en/innodb-troubleshooting-datadict.html
InnoDB: for how to resolve the issue.
2025-09-01 19:26:14 18752 [ERROR] InnoDB: Table escola/alunos in the InnoDB data dictionary has tablespace id 15, but tablespace with that id or name does not exist. Have you deleted or moved .ibd files? This may also be a table created with CREATE TEMPORARY TABLE whose .ibd and .frm files MySQL automatically removed, but the table still exists in the InnoDB internal data dictionary.
InnoDB: Please refer to
InnoDB: http://dev.mysql.com/doc/refman/5.6/en/innodb-troubleshooting-datadict.html
InnoDB: for how to resolve the issue.
2025-09-01 19:26:14 18752 [ERROR] InnoDB: Table escola/funcionarios in the InnoDB data dictionary has tablespace id 16, but tablespace with that id or name does not exist. Have you deleted or moved .ibd files? This may also be a table created with CREATE TEMPORARY TABLE whose .ibd and .frm files MySQL automatically removed, but the table still exists in the InnoDB internal data dictionary.
InnoDB: Please refer to
InnoDB: http://dev.mysql.com/doc/refman/5.6/en/innodb-troubleshooting-datadict.html
InnoDB: for how to resolve the issue.
2025-09-01 19:26:14 18752 [ERROR] InnoDB: Table israel/tb_israel in the InnoDB data dictionary has tablespace id 22, but tablespace with that id or name does not exist. Have you deleted or moved .ibd files? This may also be a table created with CREATE TEMPORARY TABLE whose .ibd and .frm files MySQL automatically removed, but the table still exists in the InnoDB internal data dictionary.
InnoDB: Please refer to
InnoDB: http://dev.mysql.com/doc/refman/5.6/en/innodb-troubleshooting-datadict.html
InnoDB: for how to resolve the issue.
2025-09-01 19:26:14 18752 [Note] InnoDB: 128 rollback segment(s) are active.
2025-09-01 19:26:14 18752 [Note] InnoDB: Waiting for purge to start
2025-09-01 19:26:14 18752 [ERROR] InnoDB: Failed to find tablespace for table '"cadastro_contas"."tb_login"' in the cache. Attempting to load the tablespace with space id 27.
2025-09-01 19:26:14 18752 [Note] InnoDB: 5.6.13 started; log sequence number 1965396
2025-09-01 19:26:14 3b1c  InnoDB: Operating system error number 3 in a file operation.
InnoDB: The error means the system cannot find the path specified.
2025-09-01 19:26:14 18752 [ERROR] InnoDB: Could not find a valid tablespace file for 'cadastro_contas/tb_login'. See http://dev.mysql.com/doc/refman/5.6/en/innodb-troubleshooting-datadict.html for how to resolve the issue.
2025-09-01 19:26:14 18752 [ERROR] InnoDB: Failed to find tablespace for table '"cadastro_dsm"."tb_login"' in the cache. Attempting to load the tablespace with space id 19.
2025-09-01 19:26:14 3b1c  InnoDB: Operating system error number 3 in a file operation.
InnoDB: The error means the system cannot find the path specified.
2025-09-01 19:26:14 18752 [ERROR] InnoDB: Could not find a valid tablespace file for 'cadastro_dsm/tb_login'. See http://dev.mysql.com/doc/refman/5.6/en/innodb-troubleshooting-datadict.html for how to resolve the issue.
2025-09-01 19:26:14 18752 [ERROR] InnoDB: Failed to find tablespace for table '"cadastro_adsva4"."tb_cadastro"' in the cache. Attempting to load the tablespace with space id 17.
2025-09-01 19:26:14 18752 [Note] Server hostname (bind-address): '*'; port: 3307
2025-09-01 19:26:14 3b1c  InnoDB: Operating system error number 3 in a file operation.
InnoDB: The error means the system cannot find the path specified.
2025-09-01 19:26:14 18752 [Note] IPv6 is available.
2025-09-01 19:26:14 18752 [ERROR] InnoDB: Could not find a valid tablespace file for 'cadastro_adsva4/tb_cadastro'. See http://dev.mysql.com/doc/refman/5.6/en/innodb-troubleshooting-datadict.html for how to resolve the issue.
2025-09-01 19:26:14 18752 [Note]   - '::' resolves to '::';
2025-09-01 19:26:14 18752 [Note] Server socket created on IP: '::'.
