2023-11-10 14:43:16 17008 [Note] Plugin 'FEDERATED' is disabled.
2023-11-10 14:43:16 17008 [Note] InnoDB: The InnoDB memory heap is disabled
2023-11-10 14:43:16 17008 [Note] InnoDB: Mutexes and rw_locks use Windows interlocked functions
2023-11-10 14:43:16 17008 [Note] InnoDB: Compressed tables use zlib 1.2.3
2023-11-10 14:43:16 17008 [Note] InnoDB: Not using CPU crc32 instructions
2023-11-10 14:43:16 17008 [Note] InnoDB: Initializing buffer pool, size = 128.0M
2023-11-10 14:43:17 17008 [Note] InnoDB: Completed initialization of buffer pool
2023-11-10 14:43:19 17008 [Note] InnoDB: Highest supported file format is Barracuda.
2023-11-10 14:43:19 17008 [Note] InnoDB: The log sequence numbers 1626134 and 1626134 in ibdata files do not match the log sequence number 1832519 in the ib_logfiles!
2023-11-10 14:43:19 17008 [Note] InnoDB: Database was not shutdown normally!
2023-11-10 14:43:19 17008 [Note] InnoDB: Starting crash recovery.
2023-11-10 14:43:19 17008 [Note] InnoDB: Reading tablespace information from the .ibd files...
2023-11-10 14:43:19 17008 [Note] InnoDB: Restoring possible half-written data pages 
2023-11-10 14:43:19 17008 [Note] InnoDB: from the doublewrite buffer...
2023-11-10 14:43:22 17008 [ERROR] InnoDB: Table aula1/alunos in the InnoDB data dictionary has tablespace id 10, but tablespace with that id or name does not exist. Have you deleted or moved .ibd files? This may also be a table created with CREATE TEMPORARY TABLE whose .ibd and .frm files MySQL automatically removed, but the table still exists in the InnoDB internal data dictionary.
InnoDB: Please refer to
InnoDB: http://dev.mysql.com/doc/refman/5.6/en/innodb-troubleshooting-datadict.html
InnoDB: for how to resolve the issue.
2023-11-10 14:43:22 17008 [ERROR] InnoDB: Table cadastro_2dsm/tb_cadastro in the InnoDB data dictionary has tablespace id 20, but tablespace with that id or name does not exist. Have you deleted or moved .ibd files? This may also be a table created with CREATE TEMPORARY TABLE whose .ibd and .frm files MySQL automatically removed, but the table still exists in the InnoDB internal data dictionary.
InnoDB: Please refer to
InnoDB: http://dev.mysql.com/doc/refman/5.6/en/innodb-troubleshooting-datadict.html
InnoDB: for how to resolve the issue.
2023-11-10 14:43:22 17008 [ERROR] InnoDB: Table cadastro_adsva4/tb_cadastro in the InnoDB data dictionary has tablespace id 17, but tablespace with that id or name does not exist. Have you deleted or moved .ibd files? This may also be a table created with CREATE TEMPORARY TABLE whose .ibd and .frm files MySQL automatically removed, but the table still exists in the InnoDB internal data dictionary.
InnoDB: Please refer to
InnoDB: http://dev.mysql.com/doc/refman/5.6/en/innodb-troubleshooting-datadict.html
InnoDB: for how to resolve the issue.
2023-11-10 14:43:22 17008 [ERROR] InnoDB: Table cadastro_dsm/tb_login in the InnoDB data dictionary has tablespace id 19, but tablespace with that id or name does not exist. Have you deleted or moved .ibd files? This may also be a table created with CREATE TEMPORARY TABLE whose .ibd and .frm files MySQL automatically removed, but the table still exists in the InnoDB internal data dictionary.
InnoDB: Please refer to
InnoDB: http://dev.mysql.com/doc/refman/5.6/en/innodb-troubleshooting-datadict.html
InnoDB: for how to resolve the issue.
2023-11-10 14:43:22 17008 [ERROR] InnoDB: Table cliente/fornecedor in the InnoDB data dictionary has tablespace id 8, but tablespace with that id or name does not exist. Have you deleted or moved .ibd files? This may also be a table created with CREATE TEMPORARY TABLE whose .ibd and .frm files MySQL automatically removed, but the table still exists in the InnoDB internal data dictionary.
InnoDB: Please refer to
InnoDB: http://dev.mysql.com/doc/refman/5.6/en/innodb-troubleshooting-datadict.html
InnoDB: for how to resolve the issue.
2023-11-10 14:43:22 17008 [ERROR] InnoDB: Table cliente/funcionario in the InnoDB data dictionary has tablespace id 13, but tablespace with that id or name does not exist. Have you deleted or moved .ibd files? This may also be a table created with CREATE TEMPORARY TABLE whose .ibd and .frm files MySQL automatically removed, but the table still exists in the InnoDB internal data dictionary.
InnoDB: Please refer to
InnoDB: http://dev.mysql.com/doc/refman/5.6/en/innodb-troubleshooting-datadict.html
InnoDB: for how to resolve the issue.
2023-11-10 14:43:22 17008 [ERROR] InnoDB: Table cliente/produto in the InnoDB data dictionary has tablespace id 12, but tablespace with that id or name does not exist. Have you deleted or moved .ibd files? This may also be a table created with CREATE TEMPORARY TABLE whose .ibd and .frm files MySQL automatically removed, but the table still exists in the InnoDB internal data dictionary.
InnoDB: Please refer to
InnoDB: http://dev.mysql.com/doc/refman/5.6/en/innodb-troubleshooting-datadict.html
InnoDB: for how to resolve the issue.
2023-11-10 14:43:22 17008 [ERROR] InnoDB: Table cliente/vendas in the InnoDB data dictionary has tablespace id 11, but tablespace with that id or name does not exist. Have you deleted or moved .ibd files? This may also be a table created with CREATE TEMPORARY TABLE whose .ibd and .frm files MySQL automatically removed, but the table still exists in the InnoDB internal data dictionary.
InnoDB: Please refer to
InnoDB: http://dev.mysql.com/doc/refman/5.6/en/innodb-troubleshooting-datadict.html
InnoDB: for how to resolve the issue.
2023-11-10 14:43:22 17008 [ERROR] InnoDB: Table cliente1/alunos in the InnoDB data dictionary has tablespace id 14, but tablespace with that id or name does not exist. Have you deleted or moved .ibd files? This may also be a table created with CREATE TEMPORARY TABLE whose .ibd and .frm files MySQL automatically removed, but the table still exists in the InnoDB internal data dictionary.
InnoDB: Please refer to
InnoDB: http://dev.mysql.com/doc/refman/5.6/en/innodb-troubleshooting-datadict.html
InnoDB: for how to resolve the issue.
2023-11-10 14:43:22 17008 [ERROR] InnoDB: Table dsm_cadastro/tb_cadastro in the InnoDB data dictionary has tablespace id 21, but tablespace with that id or name does not exist. Have you deleted or moved .ibd files? This may also be a table created with CREATE TEMPORARY TABLE whose .ibd and .frm files MySQL automatically removed, but the table still exists in the InnoDB internal data dictionary.
InnoDB: Please refer to
InnoDB: http://dev.mysql.com/doc/refman/5.6/en/innodb-troubleshooting-datadict.html
InnoDB: for how to resolve the issue.
2023-11-10 14:43:22 17008 [ERROR] InnoDB: Table escola/alunos in the InnoDB data dictionary has tablespace id 15, but tablespace with that id or name does not exist. Have you deleted or moved .ibd files? This may also be a table created with CREATE TEMPORARY TABLE whose .ibd and .frm files MySQL automatically removed, but the table still exists in the InnoDB internal data dictionary.
InnoDB: Please refer to
InnoDB: http://dev.mysql.com/doc/refman/5.6/en/innodb-troubleshooting-datadict.html
InnoDB: for how to resolve the issue.
2023-11-10 14:43:22 17008 [ERROR] InnoDB: Table escola/funcionarios in the InnoDB data dictionary has tablespace id 16, but tablespace with that id or name does not exist. Have you deleted or moved .ibd files? This may also be a table created with CREATE TEMPORARY TABLE whose .ibd and .frm files MySQL automatically removed, but the table still exists in the InnoDB internal data dictionary.
InnoDB: Please refer to
InnoDB: http://dev.mysql.com/doc/refman/5.6/en/innodb-troubleshooting-datadict.html
InnoDB: for how to resolve the issue.
2023-11-10 14:43:22 17008 [ERROR] InnoDB: Table israel/tb_israel in the InnoDB data dictionary has tablespace id 22, but tablespace with that id or name does not exist. Have you deleted or moved .ibd files? This may also be a table created with CREATE TEMPORARY TABLE whose .ibd and .frm files MySQL automatically removed, but the table still exists in the InnoDB internal data dictionary.
InnoDB: Please refer to
InnoDB: http://dev.mysql.com/doc/refman/5.6/en/innodb-troubleshooting-datadict.html
InnoDB: for how to resolve the issue.
2023-11-10 14:43:22 17008 [Note] InnoDB: 128 rollback segment(s) are active.
2023-11-10 14:43:22 17008 [Note] InnoDB: Waiting for purge to start
2023-11-10 14:43:22 17008 [ERROR] InnoDB: Failed to find tablespace for table '"cadastro_dsm"."tb_login"' in the cache. Attempting to load the tablespace with space id 19.
2023-11-10 14:43:22 44d4  InnoDB: Operating system error number 3 in a file operation.
InnoDB: The error means the system cannot find the path specified.
2023-11-10 14:43:22 17008 [ERROR] InnoDB: Could not find a valid tablespace file for 'cadastro_dsm/tb_login'. See http://dev.mysql.com/doc/refman/5.6/en/innodb-troubleshooting-datadict.html for how to resolve the issue.
2023-11-10 14:43:22 17008 [ERROR] InnoDB: Failed to find tablespace for table '"cadastro_adsva4"."tb_cadastro"' in the cache. Attempting to load the tablespace with space id 17.
2023-11-10 14:43:22 44d4  InnoDB: Operating system error number 3 in a file operation.
InnoDB: The error means the system cannot find the path specified.
2023-11-10 14:43:22 17008 [ERROR] InnoDB: Could not find a valid tablespace file for 'cadastro_adsva4/tb_cadastro'. See http://dev.mysql.com/doc/refman/5.6/en/innodb-troubleshooting-datadict.html for how to resolve the issue.
2023-11-10 14:43:22 17008 [Note] InnoDB: 5.6.13 started; log sequence number 1832519
2023-11-10 14:43:22 17008 [Note] Server hostname (bind-address): '*'; port: 3307
2023-11-10 14:43:22 17008 [Note] IPv6 is available.
2023-11-10 14:43:22 17008 [Note]   - '::' resolves to '::';
2023-11-10 14:43:22 17008 [Note] Server socket created on IP: '::'.
2025-05-23 13:58:26 14632 [Note] Plugin 'FEDERATED' is disabled.
2025-05-23 13:58:26 14632 [Note] InnoDB: The InnoDB memory heap is disabled
2025-05-23 13:58:26 14632 [Note] InnoDB: Mutexes and rw_locks use Windows interlocked functions
2025-05-23 13:58:26 14632 [Note] InnoDB: Compressed tables use zlib 1.2.3
2025-05-23 13:58:26 14632 [Note] InnoDB: Not using CPU crc32 instructions
2025-05-23 13:58:26 14632 [Note] InnoDB: Initializing buffer pool, size = 128.0M
2025-05-23 13:58:26 14632 [Note] InnoDB: Completed initialization of buffer pool
2025-05-23 13:58:35 14632 [Note] InnoDB: Highest supported file format is Barracuda.
2025-05-23 13:58:35 14632 [Note] InnoDB: The log sequence numbers 1626134 and 1626134 in ibdata files do not match the log sequence number 1937838 in the ib_logfiles!
2025-05-23 13:58:35 14632 [Note] InnoDB: Database was not shutdown normally!
2025-05-23 13:58:35 14632 [Note] InnoDB: Starting crash recovery.
2025-05-23 13:58:35 14632 [Note] InnoDB: Reading tablespace information from the .ibd files...
2025-05-23 13:58:36 14632 [Note] InnoDB: Restoring possible half-written data pages 
2025-05-23 13:58:36 14632 [Note] InnoDB: from the doublewrite buffer...
2025-05-23 13:58:42 14632 [ERROR] InnoDB: Table aula1/alunos in the InnoDB data dictionary has tablespace id 10, but tablespace with that id or name does not exist. Have you deleted or moved .ibd files? This may also be a table created with CREATE TEMPORARY TABLE whose .ibd and .frm files MySQL automatically removed, but the table still exists in the InnoDB internal data dictionary.
InnoDB: Please refer to
InnoDB: http://dev.mysql.com/doc/refman/5.6/en/innodb-troubleshooting-datadict.html
InnoDB: for how to resolve the issue.
2025-05-23 13:58:42 14632 [ERROR] InnoDB: Table cadastro_2dsm/tb_cad in the InnoDB data dictionary has tablespace id 26, but tablespace with that id or name does not exist. Have you deleted or moved .ibd files? This may also be a table created with CREATE TEMPORARY TABLE whose .ibd and .frm files MySQL automatically removed, but the table still exists in the InnoDB internal data dictionary.
InnoDB: Please refer to
InnoDB: http://dev.mysql.com/doc/refman/5.6/en/innodb-troubleshooting-datadict.html
InnoDB: for how to resolve the issue.
2025-05-23 13:58:42 14632 [ERROR] InnoDB: Table cadastro_2dsm/tb_cadastro in the InnoDB data dictionary has tablespace id 20, but tablespace with that id or name does not exist. Have you deleted or moved .ibd files? This may also be a table created with CREATE TEMPORARY TABLE whose .ibd and .frm files MySQL automatically removed, but the table still exists in the InnoDB internal data dictionary.
InnoDB: Please refer to
InnoDB: http://dev.mysql.com/doc/refman/5.6/en/innodb-troubleshooting-datadict.html
InnoDB: for how to resolve the issue.
2025-05-23 13:58:42 14632 [ERROR] InnoDB: Table cadastro_adsva4/tb_cadastro in the InnoDB data dictionary has tablespace id 17, but tablespace with that id or name does not exist. Have you deleted or moved .ibd files? This may also be a table created with CREATE TEMPORARY TABLE whose .ibd and .frm files MySQL automatically removed, but the table still exists in the InnoDB internal data dictionary.
InnoDB: Please refer to
InnoDB: http://dev.mysql.com/doc/refman/5.6/en/innodb-troubleshooting-datadict.html
InnoDB: for how to resolve the issue.
2025-05-23 13:58:42 14632 [ERROR] InnoDB: Table cadastro_clientes/tb_clientes in the InnoDB data dictionary has tablespace id 23, but tablespace with that id or name does not exist. Have you deleted or moved .ibd files? This may also be a table created with CREATE TEMPORARY TABLE whose .ibd and .frm files MySQL automatically removed, but the table still exists in the InnoDB internal data dictionary.
InnoDB: Please refer to
InnoDB: http://dev.mysql.com/doc/refman/5.6/en/innodb-troubleshooting-datadict.html
InnoDB: for how to resolve the issue.
2025-05-23 13:58:42 14632 [ERROR] InnoDB: Table cadastro_contas/tb_login in the InnoDB data dictionary has tablespace id 27, but tablespace with that id or name does not exist. Have you deleted or moved .ibd files? This may also be a table created with CREATE TEMPORARY TABLE whose .ibd and .frm files MySQL automatically removed, but the table still exists in the InnoDB internal data dictionary.
InnoDB: Please refer to
InnoDB: http://dev.mysql.com/doc/refman/5.6/en/innodb-troubleshooting-datadict.html
InnoDB: for how to resolve the issue.
2025-05-23 13:58:42 14632 [ERROR] InnoDB: Table cadastro_dsm/tb_login in the InnoDB data dictionary has tablespace id 19, but tablespace with that id or name does not exist. Have you deleted or moved .ibd files? This may also be a table created with CREATE TEMPORARY TABLE whose .ibd and .frm files MySQL automatically removed, but the table still exists in the InnoDB internal data dictionary.
InnoDB: Please refer to
InnoDB: http://dev.mysql.com/doc/refman/5.6/en/innodb-troubleshooting-datadict.html
InnoDB: for how to resolve the issue.
2025-05-23 13:58:42 14632 [ERROR] InnoDB: Table cadastro_produtos/cad_produto in the InnoDB data dictionary has tablespace id 24, but tablespace with that id or name does not exist. Have you deleted or moved .ibd files? This may also be a table created with CREATE TEMPORARY TABLE whose .ibd and .frm files MySQL automatically removed, but the table still exists in the InnoDB internal data dictionary.
InnoDB: Please refer to
InnoDB: http://dev.mysql.com/doc/refman/5.6/en/innodb-troubleshooting-datadict.html
InnoDB: for how to resolve the issue.
2025-05-23 13:58:42 14632 [ERROR] InnoDB: Table cliente/fornecedor in the InnoDB data dictionary has tablespace id 8, but tablespace with that id or name does not exist. Have you deleted or moved .ibd files? This may also be a table created with CREATE TEMPORARY TABLE whose .ibd and .frm files MySQL automatically removed, but the table still exists in the InnoDB internal data dictionary.
InnoDB: Please refer to
InnoDB: http://dev.mysql.com/doc/refman/5.6/en/innodb-troubleshooting-datadict.html
InnoDB: for how to resolve the issue.
2025-05-23 13:58:42 14632 [ERROR] InnoDB: Table cliente/funcionario in the InnoDB data dictionary has tablespace id 13, but tablespace with that id or name does not exist. Have you deleted or moved .ibd files? This may also be a table created with CREATE TEMPORARY TABLE whose .ibd and .frm files MySQL automatically removed, but the table still exists in the InnoDB internal data dictionary.
InnoDB: Please refer to
InnoDB: http://dev.mysql.com/doc/refman/5.6/en/innodb-troubleshooting-datadict.html
InnoDB: for how to resolve the issue.
2025-05-23 13:58:42 14632 [ERROR] InnoDB: Table cliente/produto in the InnoDB data dictionary has tablespace id 12, but tablespace with that id or name does not exist. Have you deleted or moved .ibd files? This may also be a table created with CREATE TEMPORARY TABLE whose .ibd and .frm files MySQL automatically removed, but the table still exists in the InnoDB internal data dictionary.
InnoDB: Please refer to
InnoDB: http://dev.mysql.com/doc/refman/5.6/en/innodb-troubleshooting-datadict.html
InnoDB: for how to resolve the issue.
2025-05-23 13:58:42 14632 [ERROR] InnoDB: Table cliente/vendas in the InnoDB data dictionary has tablespace id 11, but tablespace with that id or name does not exist. Have you deleted or moved .ibd files? This may also be a table created with CREATE TEMPORARY TABLE whose .ibd and .frm files MySQL automatically removed, but the table still exists in the InnoDB internal data dictionary.
InnoDB: Please refer to
InnoDB: http://dev.mysql.com/doc/refman/5.6/en/innodb-troubleshooting-datadict.html
InnoDB: for how to resolve the issue.
2025-05-23 13:58:42 14632 [ERROR] InnoDB: Table cliente1/alunos in the InnoDB data dictionary has tablespace id 14, but tablespace with that id or name does not exist. Have you deleted or moved .ibd files? This may also be a table created with CREATE TEMPORARY TABLE whose .ibd and .frm files MySQL automatically removed, but the table still exists in the InnoDB internal data dictionary.
InnoDB: Please refer to
InnoDB: http://dev.mysql.com/doc/refman/5.6/en/innodb-troubleshooting-datadict.html
InnoDB: for how to resolve the issue.
2025-05-23 13:58:42 14632 [ERROR] InnoDB: Table dsm_cadastro/tb_cadastro in the InnoDB data dictionary has tablespace id 21, but tablespace with that id or name does not exist. Have you deleted or moved .ibd files? This may also be a table created with CREATE TEMPORARY TABLE whose .ibd and .frm files MySQL automatically removed, but the table still exists in the InnoDB internal data dictionary.
InnoDB: Please refer to
InnoDB: http://dev.mysql.com/doc/refman/5.6/en/innodb-troubleshooting-datadict.html
InnoDB: for how to resolve the issue.
2025-05-23 13:58:42 14632 [ERROR] InnoDB: Table escola/alunos in the InnoDB data dictionary has tablespace id 15, but tablespace with that id or name does not exist. Have you deleted or moved .ibd files? This may also be a table created with CREATE TEMPORARY TABLE whose .ibd and .frm files MySQL automatically removed, but the table still exists in the InnoDB internal data dictionary.
InnoDB: Please refer to
InnoDB: http://dev.mysql.com/doc/refman/5.6/en/innodb-troubleshooting-datadict.html
InnoDB: for how to resolve the issue.
2025-05-23 13:58:42 14632 [ERROR] InnoDB: Table escola/funcionarios in the InnoDB data dictionary has tablespace id 16, but tablespace with that id or name does not exist. Have you deleted or moved .ibd files? This may also be a table created with CREATE TEMPORARY TABLE whose .ibd and .frm files MySQL automatically removed, but the table still exists in the InnoDB internal data dictionary.
InnoDB: Please refer to
InnoDB: http://dev.mysql.com/doc/refman/5.6/en/innodb-troubleshooting-datadict.html
InnoDB: for how to resolve the issue.
2025-05-23 13:58:42 14632 [ERROR] InnoDB: Table israel/tb_israel in the InnoDB data dictionary has tablespace id 22, but tablespace with that id or name does not exist. Have you deleted or moved .ibd files? This may also be a table created with CREATE TEMPORARY TABLE whose .ibd and .frm files MySQL automatically removed, but the table still exists in the InnoDB internal data dictionary.
InnoDB: Please refer to
InnoDB: http://dev.mysql.com/doc/refman/5.6/en/innodb-troubleshooting-datadict.html
InnoDB: for how to resolve the issue.
2025-05-23 13:58:42 14632 [Note] InnoDB: 128 rollback segment(s) are active.
2025-05-23 13:58:42 14632 [Note] InnoDB: Waiting for purge to start
2025-05-23 13:58:42 14632 [ERROR] InnoDB: Failed to find tablespace for table '"cadastro_contas"."tb_login"' in the cache. Attempting to load the tablespace with space id 27.
2025-05-23 13:58:42 14b0  InnoDB: Operating system error number 3 in a file operation.
InnoDB: The error means the system cannot find the path specified.
2025-05-23 13:58:42 14632 [ERROR] InnoDB: Could not find a valid tablespace file for 'cadastro_contas/tb_login'. See http://dev.mysql.com/doc/refman/5.6/en/innodb-troubleshooting-datadict.html for how to resolve the issue.
2025-05-23 13:58:42 14632 [ERROR] InnoDB: Failed to find tablespace for table '"cadastro_dsm"."tb_login"' in the cache. Attempting to load the tablespace with space id 19.
2025-05-23 13:58:42 14b0  InnoDB: Operating system error number 3 in a file operation.
InnoDB: The error means the system cannot find the path specified.
2025-05-23 13:58:42 14632 [ERROR] InnoDB: Could not find a valid tablespace file for 'cadastro_dsm/tb_login'. See http://dev.mysql.com/doc/refman/5.6/en/innodb-troubleshooting-datadict.html for how to resolve the issue.
2025-05-23 13:58:42 14632 [ERROR] InnoDB: Failed to find tablespace for table '"cadastro_adsva4"."tb_cadastro"' in the cache. Attempting to load the tablespace with space id 17.
2025-05-23 13:58:42 14b0  InnoDB: Operating system error number 3 in a file operation.
InnoDB: The error means the system cannot find the path specified.
2025-05-23 13:58:42 14632 [ERROR] InnoDB: Could not find a valid tablespace file for 'cadastro_adsva4/tb_cadastro'. See http://dev.mysql.com/doc/refman/5.6/en/innodb-troubleshooting-datadict.html for how to resolve the issue.
2025-05-23 13:58:42 14632 [Note] InnoDB: 5.6.13 started; log sequence number 1937838
2025-05-23 13:58:42 14632 [Note] Server hostname (bind-address): '*'; port: 3307
2025-05-23 13:58:42 14632 [Note] IPv6 is available.
2025-05-23 13:58:42 14632 [Note]   - '::' resolves to '::';
2025-05-23 13:58:42 14632 [Note] Server socket created on IP: '::'.
2025-10-24 13:21:59 5692 [Note] Plugin 'FEDERATED' is disabled.
2025-10-24 13:21:59 5692 [Note] InnoDB: The InnoDB memory heap is disabled
2025-10-24 13:21:59 5692 [Note] InnoDB: Mutexes and rw_locks use Windows interlocked functions
2025-10-24 13:21:59 5692 [Note] InnoDB: Compressed tables use zlib 1.2.3
2025-10-24 13:21:59 5692 [Note] InnoDB: Not using CPU crc32 instructions
2025-10-24 13:21:59 5692 [Note] InnoDB: Initializing buffer pool, size = 128.0M
2025-10-24 13:21:59 5692 [Note] InnoDB: Completed initialization of buffer pool
2025-10-24 13:21:59 5692 [Note] InnoDB: Highest supported file format is Barracuda.
2025-10-24 13:21:59 5692 [Note] InnoDB: The log sequence numbers 1626134 and 1626134 in ibdata files do not match the log sequence number 1973752 in the ib_logfiles!
2025-10-24 13:21:59 5692 [Note] InnoDB: Database was not shutdown normally!
2025-10-24 13:21:59 5692 [Note] InnoDB: Starting crash recovery.
2025-10-24 13:21:59 5692 [Note] InnoDB: Reading tablespace information from the .ibd files...
2025-10-24 13:22:00 5692 [Note] InnoDB: Restoring possible half-written data pages 
2025-10-24 13:22:00 5692 [Note] InnoDB: from the doublewrite buffer...
2025-10-24 13:22:00 5692 [ERROR] InnoDB: Table aula1/alunos in the InnoDB data dictionary has tablespace id 10, but tablespace with that id or name does not exist. Have you deleted or moved .ibd files? This may also be a table created with CREATE TEMPORARY TABLE whose .ibd and .frm files MySQL automatically removed, but the table still exists in the InnoDB internal data dictionary.
InnoDB: Please refer to
InnoDB: http://dev.mysql.com/doc/refman/5.6/en/innodb-troubleshooting-datadict.html
InnoDB: for how to resolve the issue.
2025-10-24 13:22:00 5692 [ERROR] InnoDB: Table cad_clientes/tb_clientes in the InnoDB data dictionary has tablespace id 28, but tablespace with that id or name does not exist. Have you deleted or moved .ibd files? This may also be a table created with CREATE TEMPORARY TABLE whose .ibd and .frm files MySQL automatically removed, but the table still exists in the InnoDB internal data dictionary.
InnoDB: Please refer to
InnoDB: http://dev.mysql.com/doc/refman/5.6/en/innodb-troubleshooting-datadict.html
InnoDB: for how to resolve the issue.
2025-10-24 13:22:00 5692 [ERROR] InnoDB: Table cadastro_2dsm/tb_cad in the InnoDB data dictionary has tablespace id 26, but tablespace with that id or name does not exist. Have you deleted or moved .ibd files? This may also be a table created with CREATE TEMPORARY TABLE whose .ibd and .frm files MySQL automatically removed, but the table still exists in the InnoDB internal data dictionary.
InnoDB: Please refer to
InnoDB: http://dev.mysql.com/doc/refman/5.6/en/innodb-troubleshooting-datadict.html
InnoDB: for how to resolve the issue.
2025-10-24 13:22:00 5692 [ERROR] InnoDB: Table cadastro_2dsm/tb_cadastro in the InnoDB data dictionary has tablespace id 20, but tablespace with that id or name does not exist. Have you deleted or moved .ibd files? This may also be a table created with CREATE TEMPORARY TABLE whose .ibd and .frm files MySQL automatically removed, but the table still exists in the InnoDB internal data dictionary.
InnoDB: Please refer to
InnoDB: http://dev.mysql.com/doc/refman/5.6/en/innodb-troubleshooting-datadict.html
InnoDB: for how to resolve the issue.
2025-10-24 13:22:00 5692 [ERROR] InnoDB: Table cadastro_adsva4/tb_cadastro in the InnoDB data dictionary has tablespace id 17, but tablespace with that id or name does not exist. Have you deleted or moved .ibd files? This may also be a table created with CREATE TEMPORARY TABLE whose .ibd and .frm files MySQL automatically removed, but the table still exists in the InnoDB internal data dictionary.
InnoDB: Please refer to
InnoDB: http://dev.mysql.com/doc/refman/5.6/en/innodb-troubleshooting-datadict.html
InnoDB: for how to resolve the issue.
2025-10-24 13:22:00 5692 [ERROR] InnoDB: Table cadastro_clientes/tb_cadastro in the InnoDB data dictionary has tablespace id 29, but tablespace with that id or name does not exist. Have you deleted or moved .ibd files? This may also be a table created with CREATE TEMPORARY TABLE whose .ibd and .frm files MySQL automatically removed, but the table still exists in the InnoDB internal data dictionary.
InnoDB: Please refer to
InnoDB: http://dev.mysql.com/doc/refman/5.6/en/innodb-troubleshooting-datadict.html
InnoDB: for how to resolve the issue.
2025-10-24 13:22:00 5692 [ERROR] InnoDB: Table cadastro_clientes/tb_clientes in the InnoDB data dictionary has tablespace id 23, but tablespace with that id or name does not exist. Have you deleted or moved .ibd files? This may also be a table created with CREATE TEMPORARY TABLE whose .ibd and .frm files MySQL automatically removed, but the table still exists in the InnoDB internal data dictionary.
InnoDB: Please refer to
InnoDB: http://dev.mysql.com/doc/refman/5.6/en/innodb-troubleshooting-datadict.html
InnoDB: for how to resolve the issue.
2025-10-24 13:22:00 5692 [ERROR] InnoDB: Table cadastro_clientes_adsva2/tb_clientes in the InnoDB data dictionary has tablespace id 30, but tablespace with that id or name does not exist. Have you deleted or moved .ibd files? This may also be a table created with CREATE TEMPORARY TABLE whose .ibd and .frm files MySQL automatically removed, but the table still exists in the InnoDB internal data dictionary.
InnoDB: Please refer to
InnoDB: http://dev.mysql.com/doc/refman/5.6/en/innodb-troubleshooting-datadict.html
InnoDB: for how to resolve the issue.
2025-10-24 13:22:00 5692 [ERROR] InnoDB: Table cadastro_contas/tb_login in the InnoDB data dictionary has tablespace id 27, but tablespace with that id or name does not exist. Have you deleted or moved .ibd files? This may also be a table created with CREATE TEMPORARY TABLE whose .ibd and .frm files MySQL automatically removed, but the table still exists in the InnoDB internal data dictionary.
InnoDB: Please refer to
InnoDB: http://dev.mysql.com/doc/refman/5.6/en/innodb-troubleshooting-datadict.html
InnoDB: for how to resolve the issue.
2025-10-24 13:22:00 5692 [ERROR] InnoDB: Table cadastro_dsm/tb_login in the InnoDB data dictionary has tablespace id 19, but tablespace with that id or name does not exist. Have you deleted or moved .ibd files? This may also be a table created with CREATE TEMPORARY TABLE whose .ibd and .frm files MySQL automatically removed, but the table still exists in the InnoDB internal data dictionary.
InnoDB: Please refer to
InnoDB: http://dev.mysql.com/doc/refman/5.6/en/innodb-troubleshooting-datadict.html
InnoDB: for how to resolve the issue.
2025-10-24 13:22:00 5692 [ERROR] InnoDB: Table cadastro_produtos/cad_produto in the InnoDB data dictionary has tablespace id 24, but tablespace with that id or name does not exist. Have you deleted or moved .ibd files? This may also be a table created with CREATE TEMPORARY TABLE whose .ibd and .frm files MySQL automatically removed, but the table still exists in the InnoDB internal data dictionary.
InnoDB: Please refer to
InnoDB: http://dev.mysql.com/doc/refman/5.6/en/innodb-troubleshooting-datadict.html
InnoDB: for how to resolve the issue.
2025-10-24 13:22:00 5692 [ERROR] InnoDB: Table cliente/fornecedor in the InnoDB data dictionary has tablespace id 8, but tablespace with that id or name does not exist. Have you deleted or moved .ibd files? This may also be a table created with CREATE TEMPORARY TABLE whose .ibd and .frm files MySQL automatically removed, but the table still exists in the InnoDB internal data dictionary.
InnoDB: Please refer to
InnoDB: http://dev.mysql.com/doc/refman/5.6/en/innodb-troubleshooting-datadict.html
InnoDB: for how to resolve the issue.
2025-10-24 13:22:00 5692 [ERROR] InnoDB: Table cliente/funcionario in the InnoDB data dictionary has tablespace id 13, but tablespace with that id or name does not exist. Have you deleted or moved .ibd files? This may also be a table created with CREATE TEMPORARY TABLE whose .ibd and .frm files MySQL automatically removed, but the table still exists in the InnoDB internal data dictionary.
InnoDB: Please refer to
InnoDB: http://dev.mysql.com/doc/refman/5.6/en/innodb-troubleshooting-datadict.html
InnoDB: for how to resolve the issue.
2025-10-24 13:22:00 5692 [ERROR] InnoDB: Table cliente/produto in the InnoDB data dictionary has tablespace id 12, but tablespace with that id or name does not exist. Have you deleted or moved .ibd files? This may also be a table created with CREATE TEMPORARY TABLE whose .ibd and .frm files MySQL automatically removed, but the table still exists in the InnoDB internal data dictionary.
InnoDB: Please refer to
InnoDB: http://dev.mysql.com/doc/refman/5.6/en/innodb-troubleshooting-datadict.html
InnoDB: for how to resolve the issue.
2025-10-24 13:22:00 5692 [ERROR] InnoDB: Table cliente/vendas in the InnoDB data dictionary has tablespace id 11, but tablespace with that id or name does not exist. Have you deleted or moved .ibd files? This may also be a table created with CREATE TEMPORARY TABLE whose .ibd and .frm files MySQL automatically removed, but the table still exists in the InnoDB internal data dictionary.
InnoDB: Please refer to
InnoDB: http://dev.mysql.com/doc/refman/5.6/en/innodb-troubleshooting-datadict.html
InnoDB: for how to resolve the issue.
2025-10-24 13:22:00 5692 [ERROR] InnoDB: Table cliente1/alunos in the InnoDB data dictionary has tablespace id 14, but tablespace with that id or name does not exist. Have you deleted or moved .ibd files? This may also be a table created with CREATE TEMPORARY TABLE whose .ibd and .frm files MySQL automatically removed, but the table still exists in the InnoDB internal data dictionary.
InnoDB: Please refer to
InnoDB: http://dev.mysql.com/doc/refman/5.6/en/innodb-troubleshooting-datadict.html
InnoDB: for how to resolve the issue.
2025-10-24 13:22:00 5692 [ERROR] InnoDB: Table dsm_cadastro/tb_cadastro in the InnoDB data dictionary has tablespace id 21, but tablespace with that id or name does not exist. Have you deleted or moved .ibd files? This may also be a table created with CREATE TEMPORARY TABLE whose .ibd and .frm files MySQL automatically removed, but the table still exists in the InnoDB internal data dictionary.
InnoDB: Please refer to
InnoDB: http://dev.mysql.com/doc/refman/5.6/en/innodb-troubleshooting-datadict.html
InnoDB: for how to resolve the issue.
2025-10-24 13:22:00 5692 [ERROR] InnoDB: Table escola/alunos in the InnoDB data dictionary has tablespace id 15, but tablespace with that id or name does not exist. Have you deleted or moved .ibd files? This may also be a table created with CREATE TEMPORARY TABLE whose .ibd and .frm files MySQL automatically removed, but the table still exists in the InnoDB internal data dictionary.
InnoDB: Please refer to
InnoDB: http://dev.mysql.com/doc/refman/5.6/en/innodb-troubleshooting-datadict.html
InnoDB: for how to resolve the issue.
2025-10-24 13:22:00 5692 [ERROR] InnoDB: Table escola/funcionarios in the InnoDB data dictionary has tablespace id 16, but tablespace with that id or name does not exist. Have you deleted or moved .ibd files? This may also be a table created with CREATE TEMPORARY TABLE whose .ibd and .frm files MySQL automatically removed, but the table still exists in the InnoDB internal data dictionary.
InnoDB: Please refer to
InnoDB: http://dev.mysql.com/doc/refman/5.6/en/innodb-troubleshooting-datadict.html
InnoDB: for how to resolve the issue.
2025-10-24 13:22:00 5692 [ERROR] InnoDB: Table israel/tb_israel in the InnoDB data dictionary has tablespace id 22, but tablespace with that id or name does not exist. Have you deleted or moved .ibd files? This may also be a table created with CREATE TEMPORARY TABLE whose .ibd and .frm files MySQL automatically removed, but the table still exists in the InnoDB internal data dictionary.
InnoDB: Please refer to
InnoDB: http://dev.mysql.com/doc/refman/5.6/en/innodb-troubleshooting-datadict.html
InnoDB: for how to resolve the issue.
2025-10-24 13:22:00 5692 [ERROR] InnoDB: Table login/tb_login in the InnoDB data dictionary has tablespace id 31, but tablespace with that id or name does not exist. Have you deleted or moved .ibd files? This may also be a table created with CREATE TEMPORARY TABLE whose .ibd and .frm files MySQL automatically removed, but the table still exists in the InnoDB internal data dictionary.
InnoDB: Please refer to
InnoDB: http://dev.mysql.com/doc/refman/5.6/en/innodb-troubleshooting-datadict.html
InnoDB: for how to resolve the issue.
2025-10-24 13:22:00 5692 [Note] InnoDB: 128 rollback segment(s) are active.
2025-10-24 13:22:01 5692 [Note] InnoDB: Waiting for purge to start
2025-10-24 13:22:01 5692 [ERROR] InnoDB: Failed to find tablespace for table '"login"."tb_login"' in the cache. Attempting to load the tablespace with space id 31.
2025-10-24 13:22:01 874  InnoDB: Operating system error number 3 in a file operation.
InnoDB: The error means the system cannot find the path specified.
2025-10-24 13:22:01 5692 [ERROR] InnoDB: Could not find a valid tablespace file for 'login/tb_login'. See http://dev.mysql.com/doc/refman/5.6/en/innodb-troubleshooting-datadict.html for how to resolve the issue.
2025-10-24 13:22:01 5692 [ERROR] InnoDB: Failed to find tablespace for table '"cadastro_clientes"."tb_cadastro"' in the cache. Attempting to load the tablespace with space id 29.
2025-10-24 13:22:01 874  InnoDB: Operating system error number 3 in a file operation.
InnoDB: The error means the system cannot find the path specified.
2025-10-24 13:22:01 5692 [ERROR] InnoDB: Could not find a valid tablespace file for 'cadastro_clientes/tb_cadastro'. See http://dev.mysql.com/doc/refman/5.6/en/innodb-troubleshooting-datadict.html for how to resolve the issue.
2025-10-24 13:22:01 5692 [ERROR] InnoDB: Failed to find tablespace for table '"cad_clientes"."tb_clientes"' in the cache. Attempting to load the tablespace with space id 28.
2025-10-24 13:22:01 874  InnoDB: Operating system error number 3 in a file operation.
InnoDB: The error means the system cannot find the path specified.
2025-10-24 13:22:01 5692 [ERROR] InnoDB: Could not find a valid tablespace file for 'cad_clientes/tb_clientes'. See http://dev.mysql.com/doc/refman/5.6/en/innodb-troubleshooting-datadict.html for how to resolve the issue.
2025-10-24 13:22:01 5692 [ERROR] InnoDB: Failed to find tablespace for table '"cadastro_contas"."tb_login"' in the cache. Attempting to load the tablespace with space id 27.
2025-10-24 13:22:01 874  InnoDB: Operating system error number 3 in a file operation.
InnoDB: The error means the system cannot find the path specified.
2025-10-24 13:22:01 5692 [ERROR] InnoDB: Could not find a valid tablespace file for 'cadastro_contas/tb_login'. See http://dev.mysql.com/doc/refman/5.6/en/innodb-troubleshooting-datadict.html for how to resolve the issue.
2025-10-24 13:22:01 5692 [ERROR] InnoDB: Failed to find tablespace for table '"cadastro_dsm"."tb_login"' in the cache. Attempting to load the tablespace with space id 19.
2025-10-24 13:22:01 874  InnoDB: Operating system error number 3 in a file operation.
InnoDB: The error means the system cannot find the path specified.
2025-10-24 13:22:01 5692 [ERROR] InnoDB: Could not find a valid tablespace file for 'cadastro_dsm/tb_login'. See http://dev.mysql.com/doc/refman/5.6/en/innodb-troubleshooting-datadict.html for how to resolve the issue.
2025-10-24 13:22:01 5692 [ERROR] InnoDB: Failed to find tablespace for table '"cadastro_adsva4"."tb_cadastro"' in the cache. Attempting to load the tablespace with space id 17.
2025-10-24 13:22:01 874  InnoDB: Operating system error number 3 in a file operation.
InnoDB: The error means the system cannot find the path specified.
2025-10-24 13:22:01 5692 [ERROR] InnoDB: Could not find a valid tablespace file for 'cadastro_adsva4/tb_cadastro'. See http://dev.mysql.com/doc/refman/5.6/en/innodb-troubleshooting-datadict.html for how to resolve the issue.
2025-10-24 13:22:01 5692 [Note] InnoDB: 5.6.13 started; log sequence number 1973752
2025-10-24 13:22:01 5692 [Note] Server hostname (bind-address): '*'; port: 3307
2025-10-24 13:22:01 5692 [Note] IPv6 is available.
2025-10-24 13:22:01 5692 [Note]   - '::' resolves to '::';
2025-10-24 13:22:01 5692 [Note] Server socket created on IP: '::'.
2025-10-24 13:24:02 10096 [Note] Plugin 'FEDERATED' is disabled.
2025-10-24 13:24:02 10096 [Note] InnoDB: The InnoDB memory heap is disabled
2025-10-24 13:24:02 10096 [Note] InnoDB: Mutexes and rw_locks use Windows interlocked functions
2025-10-24 13:24:02 10096 [Note] InnoDB: Compressed tables use zlib 1.2.3
2025-10-24 13:24:02 10096 [Note] InnoDB: Not using CPU crc32 instructions
2025-10-24 13:24:02 10096 [Note] InnoDB: Initializing buffer pool, size = 128.0M
2025-10-24 13:24:02 10096 [Note] InnoDB: Completed initialization of buffer pool
2025-10-24 13:24:02 10096 [Note] InnoDB: Highest supported file format is Barracuda.
2025-10-24 13:24:02 10096 [Note] InnoDB: The log sequence numbers 1626134 and 1626134 in ibdata files do not match the log sequence number 1973778 in the ib_logfiles!
2025-10-24 13:24:02 10096 [Note] InnoDB: Database was not shutdown normally!
2025-10-24 13:24:02 10096 [Note] InnoDB: Starting crash recovery.
2025-10-24 13:24:02 10096 [Note] InnoDB: Reading tablespace information from the .ibd files...
2025-10-24 13:24:02 10096 [Note] InnoDB: Restoring possible half-written data pages 
2025-10-24 13:24:02 10096 [Note] InnoDB: from the doublewrite buffer...
2025-10-24 13:24:03 10096 [ERROR] InnoDB: Table aula1/alunos in the InnoDB data dictionary has tablespace id 10, but tablespace with that id or name does not exist. Have you deleted or moved .ibd files? This may also be a table created with CREATE TEMPORARY TABLE whose .ibd and .frm files MySQL automatically removed, but the table still exists in the InnoDB internal data dictionary.
InnoDB: Please refer to
InnoDB: http://dev.mysql.com/doc/refman/5.6/en/innodb-troubleshooting-datadict.html
InnoDB: for how to resolve the issue.
2025-10-24 13:24:03 10096 [ERROR] InnoDB: Table cad_clientes/tb_clientes in the InnoDB data dictionary has tablespace id 28, but tablespace with that id or name does not exist. Have you deleted or moved .ibd files? This may also be a table created with CREATE TEMPORARY TABLE whose .ibd and .frm files MySQL automatically removed, but the table still exists in the InnoDB internal data dictionary.
InnoDB: Please refer to
InnoDB: http://dev.mysql.com/doc/refman/5.6/en/innodb-troubleshooting-datadict.html
InnoDB: for how to resolve the issue.
2025-10-24 13:24:03 10096 [ERROR] InnoDB: Table cadastro_2dsm/tb_cad in the InnoDB data dictionary has tablespace id 26, but tablespace with that id or name does not exist. Have you deleted or moved .ibd files? This may also be a table created with CREATE TEMPORARY TABLE whose .ibd and .frm files MySQL automatically removed, but the table still exists in the InnoDB internal data dictionary.
InnoDB: Please refer to
InnoDB: http://dev.mysql.com/doc/refman/5.6/en/innodb-troubleshooting-datadict.html
InnoDB: for how to resolve the issue.
2025-10-24 13:24:03 10096 [ERROR] InnoDB: Table cadastro_2dsm/tb_cadastro in the InnoDB data dictionary has tablespace id 20, but tablespace with that id or name does not exist. Have you deleted or moved .ibd files? This may also be a table created with CREATE TEMPORARY TABLE whose .ibd and .frm files MySQL automatically removed, but the table still exists in the InnoDB internal data dictionary.
InnoDB: Please refer to
InnoDB: http://dev.mysql.com/doc/refman/5.6/en/innodb-troubleshooting-datadict.html
InnoDB: for how to resolve the issue.
2025-10-24 13:24:03 10096 [ERROR] InnoDB: Table cadastro_adsva4/tb_cadastro in the InnoDB data dictionary has tablespace id 17, but tablespace with that id or name does not exist. Have you deleted or moved .ibd files? This may also be a table created with CREATE TEMPORARY TABLE whose .ibd and .frm files MySQL automatically removed, but the table still exists in the InnoDB internal data dictionary.
InnoDB: Please refer to
InnoDB: http://dev.mysql.com/doc/refman/5.6/en/innodb-troubleshooting-datadict.html
InnoDB: for how to resolve the issue.
2025-10-24 13:24:03 10096 [ERROR] InnoDB: Table cadastro_clientes/tb_cadastro in the InnoDB data dictionary has tablespace id 29, but tablespace with that id or name does not exist. Have you deleted or moved .ibd files? This may also be a table created with CREATE TEMPORARY TABLE whose .ibd and .frm files MySQL automatically removed, but the table still exists in the InnoDB internal data dictionary.
InnoDB: Please refer to
InnoDB: http://dev.mysql.com/doc/refman/5.6/en/innodb-troubleshooting-datadict.html
InnoDB: for how to resolve the issue.
2025-10-24 13:24:03 10096 [ERROR] InnoDB: Table cadastro_clientes/tb_clientes in the InnoDB data dictionary has tablespace id 23, but tablespace with that id or name does not exist. Have you deleted or moved .ibd files? This may also be a table created with CREATE TEMPORARY TABLE whose .ibd and .frm files MySQL automatically removed, but the table still exists in the InnoDB internal data dictionary.
InnoDB: Please refer to
InnoDB: http://dev.mysql.com/doc/refman/5.6/en/innodb-troubleshooting-datadict.html
InnoDB: for how to resolve the issue.
2025-10-24 13:24:03 10096 [ERROR] InnoDB: Table cadastro_clientes_adsva2/tb_clientes in the InnoDB data dictionary has tablespace id 30, but tablespace with that id or name does not exist. Have you deleted or moved .ibd files? This may also be a table created with CREATE TEMPORARY TABLE whose .ibd and .frm files MySQL automatically removed, but the table still exists in the InnoDB internal data dictionary.
InnoDB: Please refer to
InnoDB: http://dev.mysql.com/doc/refman/5.6/en/innodb-troubleshooting-datadict.html
InnoDB: for how to resolve the issue.
2025-10-24 13:24:03 10096 [ERROR] InnoDB: Table cadastro_contas/tb_login in the InnoDB data dictionary has tablespace id 27, but tablespace with that id or name does not exist. Have you deleted or moved .ibd files? This may also be a table created with CREATE TEMPORARY TABLE whose .ibd and .frm files MySQL automatically removed, but the table still exists in the InnoDB internal data dictionary.
InnoDB: Please refer to
InnoDB: http://dev.mysql.com/doc/refman/5.6/en/innodb-troubleshooting-datadict.html
InnoDB: for how to resolve the issue.
2025-10-24 13:24:03 10096 [ERROR] InnoDB: Table cadastro_dsm/tb_login in the InnoDB data dictionary has tablespace id 19, but tablespace with that id or name does not exist. Have you deleted or moved .ibd files? This may also be a table created with CREATE TEMPORARY TABLE whose .ibd and .frm files MySQL automatically removed, but the table still exists in the InnoDB internal data dictionary.
InnoDB: Please refer to
InnoDB: http://dev.mysql.com/doc/refman/5.6/en/innodb-troubleshooting-datadict.html
InnoDB: for how to resolve the issue.
2025-10-24 13:24:03 10096 [ERROR] InnoDB: Table cadastro_produtos/cad_produto in the InnoDB data dictionary has tablespace id 24, but tablespace with that id or name does not exist. Have you deleted or moved .ibd files? This may also be a table created with CREATE TEMPORARY TABLE whose .ibd and .frm files MySQL automatically removed, but the table still exists in the InnoDB internal data dictionary.
InnoDB: Please refer to
InnoDB: http://dev.mysql.com/doc/refman/5.6/en/innodb-troubleshooting-datadict.html
InnoDB: for how to resolve the issue.
2025-10-24 13:24:03 10096 [ERROR] InnoDB: Table cliente/fornecedor in the InnoDB data dictionary has tablespace id 8, but tablespace with that id or name does not exist. Have you deleted or moved .ibd files? This may also be a table created with CREATE TEMPORARY TABLE whose .ibd and .frm files MySQL automatically removed, but the table still exists in the InnoDB internal data dictionary.
InnoDB: Please refer to
InnoDB: http://dev.mysql.com/doc/refman/5.6/en/innodb-troubleshooting-datadict.html
InnoDB: for how to resolve the issue.
2025-10-24 13:24:03 10096 [ERROR] InnoDB: Table cliente/funcionario in the InnoDB data dictionary has tablespace id 13, but tablespace with that id or name does not exist. Have you deleted or moved .ibd files? This may also be a table created with CREATE TEMPORARY TABLE whose .ibd and .frm files MySQL automatically removed, but the table still exists in the InnoDB internal data dictionary.
InnoDB: Please refer to
InnoDB: http://dev.mysql.com/doc/refman/5.6/en/innodb-troubleshooting-datadict.html
InnoDB: for how to resolve the issue.
2025-10-24 13:24:03 10096 [ERROR] InnoDB: Table cliente/produto in the InnoDB data dictionary has tablespace id 12, but tablespace with that id or name does not exist. Have you deleted or moved .ibd files? This may also be a table created with CREATE TEMPORARY TABLE whose .ibd and .frm files MySQL automatically removed, but the table still exists in the InnoDB internal data dictionary.
InnoDB: Please refer to
InnoDB: http://dev.mysql.com/doc/refman/5.6/en/innodb-troubleshooting-datadict.html
InnoDB: for how to resolve the issue.
2025-10-24 13:24:03 10096 [ERROR] InnoDB: Table cliente/vendas in the InnoDB data dictionary has tablespace id 11, but tablespace with that id or name does not exist. Have you deleted or moved .ibd files? This may also be a table created with CREATE TEMPORARY TABLE whose .ibd and .frm files MySQL automatically removed, but the table still exists in the InnoDB internal data dictionary.
InnoDB: Please refer to
InnoDB: http://dev.mysql.com/doc/refman/5.6/en/innodb-troubleshooting-datadict.html
InnoDB: for how to resolve the issue.
2025-10-24 13:24:03 10096 [ERROR] InnoDB: Table cliente1/alunos in the InnoDB data dictionary has tablespace id 14, but tablespace with that id or name does not exist. Have you deleted or moved .ibd files? This may also be a table created with CREATE TEMPORARY TABLE whose .ibd and .frm files MySQL automatically removed, but the table still exists in the InnoDB internal data dictionary.
InnoDB: Please refer to
InnoDB: http://dev.mysql.com/doc/refman/5.6/en/innodb-troubleshooting-datadict.html
InnoDB: for how to resolve the issue.
2025-10-24 13:24:03 10096 [ERROR] InnoDB: Table dsm_cadastro/tb_cadastro in the InnoDB data dictionary has tablespace id 21, but tablespace with that id or name does not exist. Have you deleted or moved .ibd files? This may also be a table created with CREATE TEMPORARY TABLE whose .ibd and .frm files MySQL automatically removed, but the table still exists in the InnoDB internal data dictionary.
InnoDB: Please refer to
InnoDB: http://dev.mysql.com/doc/refman/5.6/en/innodb-troubleshooting-datadict.html
InnoDB: for how to resolve the issue.
2025-10-24 13:24:03 10096 [ERROR] InnoDB: Table escola/alunos in the InnoDB data dictionary has tablespace id 15, but tablespace with that id or name does not exist. Have you deleted or moved .ibd files? This may also be a table created with CREATE TEMPORARY TABLE whose .ibd and .frm files MySQL automatically removed, but the table still exists in the InnoDB internal data dictionary.
InnoDB: Please refer to
InnoDB: http://dev.mysql.com/doc/refman/5.6/en/innodb-troubleshooting-datadict.html
InnoDB: for how to resolve the issue.
2025-10-24 13:24:03 10096 [ERROR] InnoDB: Table escola/funcionarios in the InnoDB data dictionary has tablespace id 16, but tablespace with that id or name does not exist. Have you deleted or moved .ibd files? This may also be a table created with CREATE TEMPORARY TABLE whose .ibd and .frm files MySQL automatically removed, but the table still exists in the InnoDB internal data dictionary.
InnoDB: Please refer to
InnoDB: http://dev.mysql.com/doc/refman/5.6/en/innodb-troubleshooting-datadict.html
InnoDB: for how to resolve the issue.
2025-10-24 13:24:03 10096 [ERROR] InnoDB: Table israel/tb_israel in the InnoDB data dictionary has tablespace id 22, but tablespace with that id or name does not exist. Have you deleted or moved .ibd files? This may also be a table created with CREATE TEMPORARY TABLE whose .ibd and .frm files MySQL automatically removed, but the table still exists in the InnoDB internal data dictionary.
InnoDB: Please refer to
InnoDB: http://dev.mysql.com/doc/refman/5.6/en/innodb-troubleshooting-datadict.html
InnoDB: for how to resolve the issue.
2025-10-24 13:24:03 10096 [ERROR] InnoDB: Table login/tb_login in the InnoDB data dictionary has tablespace id 31, but tablespace with that id or name does not exist. Have you deleted or moved .ibd files? This may also be a table created with CREATE TEMPORARY TABLE whose .ibd and .frm files MySQL automatically removed, but the table still exists in the InnoDB internal data dictionary.
InnoDB: Please refer to
InnoDB: http://dev.mysql.com/doc/refman/5.6/en/innodb-troubleshooting-datadict.html
InnoDB: for how to resolve the issue.
2025-10-24 13:24:03 10096 [Note] InnoDB: 128 rollback segment(s) are active.
2025-10-24 13:24:03 10096 [Note] InnoDB: Waiting for purge to start
2025-10-24 13:24:03 10096 [ERROR] InnoDB: Failed to find tablespace for table '"login"."tb_login"' in the cache. Attempting to load the tablespace with space id 31.
2025-10-24 13:24:03 27c4  InnoDB: Operating system error number 3 in a file operation.
InnoDB: The error means the system cannot find the path specified.
2025-10-24 13:24:03 10096 [ERROR] InnoDB: Could not find a valid tablespace file for 'login/tb_login'. See http://dev.mysql.com/doc/refman/5.6/en/innodb-troubleshooting-datadict.html for how to resolve the issue.
2025-10-24 13:24:03 10096 [ERROR] InnoDB: Failed to find tablespace for table '"cadastro_clientes"."tb_cadastro"' in the cache. Attempting to load the tablespace with space id 29.
2025-10-24 13:24:03 27c4  InnoDB: Operating system error number 3 in a file operation.
InnoDB: The error means the system cannot find the path specified.
2025-10-24 13:24:03 10096 [ERROR] InnoDB: Could not find a valid tablespace file for 'cadastro_clientes/tb_cadastro'. See http://dev.mysql.com/doc/refman/5.6/en/innodb-troubleshooting-datadict.html for how to resolve the issue.
2025-10-24 13:24:03 10096 [ERROR] InnoDB: Failed to find tablespace for table '"cad_clientes"."tb_clientes"' in the cache. Attempting to load the tablespace with space id 28.
2025-10-24 13:24:03 27c4  InnoDB: Operating system error number 3 in a file operation.
InnoDB: The error means the system cannot find the path specified.
2025-10-24 13:24:03 10096 [ERROR] InnoDB: Could not find a valid tablespace file for 'cad_clientes/tb_clientes'. See http://dev.mysql.com/doc/refman/5.6/en/innodb-troubleshooting-datadict.html for how to resolve the issue.
2025-10-24 13:24:03 10096 [ERROR] InnoDB: Failed to find tablespace for table '"cadastro_contas"."tb_login"' in the cache. Attempting to load the tablespace with space id 27.
2025-10-24 13:24:03 27c4  InnoDB: Operating system error number 3 in a file operation.
InnoDB: The error means the system cannot find the path specified.
2025-10-24 13:24:03 10096 [ERROR] InnoDB: Could not find a valid tablespace file for 'cadastro_contas/tb_login'. See http://dev.mysql.com/doc/refman/5.6/en/innodb-troubleshooting-datadict.html for how to resolve the issue.
2025-10-24 13:24:03 10096 [ERROR] InnoDB: Failed to find tablespace for table '"cadastro_dsm"."tb_login"' in the cache. Attempting to load the tablespace with space id 19.
2025-10-24 13:24:03 27c4  InnoDB: Operating system error number 3 in a file operation.
InnoDB: The error means the system cannot find the path specified.
2025-10-24 13:24:03 10096 [ERROR] InnoDB: Could not find a valid tablespace file for 'cadastro_dsm/tb_login'. See http://dev.mysql.com/doc/refman/5.6/en/innodb-troubleshooting-datadict.html for how to resolve the issue.
2025-10-24 13:24:03 10096 [ERROR] InnoDB: Failed to find tablespace for table '"cadastro_adsva4"."tb_cadastro"' in the cache. Attempting to load the tablespace with space id 17.
2025-10-24 13:24:03 27c4  InnoDB: Operating system error number 3 in a file operation.
InnoDB: The error means the system cannot find the path specified.
2025-10-24 13:24:03 10096 [ERROR] InnoDB: Could not find a valid tablespace file for 'cadastro_adsva4/tb_cadastro'. See http://dev.mysql.com/doc/refman/5.6/en/innodb-troubleshooting-datadict.html for how to resolve the issue.
2025-10-24 13:24:03 10096 [Note] InnoDB: 5.6.13 started; log sequence number 1973778
2025-10-24 13:24:03 10096 [Note] Server hostname (bind-address): '*'; port: 3307
2025-10-24 13:24:03 10096 [Note] IPv6 is available.
2025-10-24 13:24:03 10096 [Note]   - '::' resolves to '::';
2025-10-24 13:24:03 10096 [Note] Server socket created on IP: '::'.
2025-10-24 13:24:03 10096 [Note] Event Scheduler: Loaded 0 events
2025-10-24 13:24:03 10096 [Note] E:\DADOS\20252S\usbwebserver/mysql/bin/mysqld_usbwv8.exe: ready for connections.
Version: '5.6.13'  socket: ''  port: 3307  MySQL Community Server (GPL)
2025-10-31 13:15:35 3048 [Note] Plugin 'FEDERATED' is disabled.
2025-10-31 13:15:35 3048 [Note] InnoDB: The InnoDB memory heap is disabled
2025-10-31 13:15:35 3048 [Note] InnoDB: Mutexes and rw_locks use Windows interlocked functions
2025-10-31 13:15:35 3048 [Note] InnoDB: Compressed tables use zlib 1.2.3
2025-10-31 13:15:35 3048 [Note] InnoDB: Not using CPU crc32 instructions
2025-10-31 13:15:35 3048 [Note] InnoDB: Initializing buffer pool, size = 128.0M
2025-10-31 13:15:35 3048 [Note] InnoDB: Completed initialization of buffer pool
2025-10-31 13:15:36 3048 [Note] InnoDB: Highest supported file format is Barracuda.
2025-10-31 13:15:36 3048 [Note] InnoDB: The log sequence numbers 1626134 and 1626134 in ibdata files do not match the log sequence number 1977524 in the ib_logfiles!
2025-10-31 13:15:36 3048 [Note] InnoDB: Database was not shutdown normally!
2025-10-31 13:15:36 3048 [Note] InnoDB: Starting crash recovery.
2025-10-31 13:15:36 3048 [Note] InnoDB: Reading tablespace information from the .ibd files...
2025-10-31 13:15:36 3048 [Note] InnoDB: Restoring possible half-written data pages 
2025-10-31 13:15:36 3048 [Note] InnoDB: from the doublewrite buffer...
2025-10-31 13:15:37 3048 [ERROR] InnoDB: Table aula1/alunos in the InnoDB data dictionary has tablespace id 10, but tablespace with that id or name does not exist. Have you deleted or moved .ibd files? This may also be a table created with CREATE TEMPORARY TABLE whose .ibd and .frm files MySQL automatically removed, but the table still exists in the InnoDB internal data dictionary.
InnoDB: Please refer to
InnoDB: http://dev.mysql.com/doc/refman/5.6/en/innodb-troubleshooting-datadict.html
InnoDB: for how to resolve the issue.
2025-10-31 13:15:37 3048 [ERROR] InnoDB: Table cad_clientes/tb_clientes in the InnoDB data dictionary has tablespace id 28, but tablespace with that id or name does not exist. Have you deleted or moved .ibd files? This may also be a table created with CREATE TEMPORARY TABLE whose .ibd and .frm files MySQL automatically removed, but the table still exists in the InnoDB internal data dictionary.
InnoDB: Please refer to
InnoDB: http://dev.mysql.com/doc/refman/5.6/en/innodb-troubleshooting-datadict.html
InnoDB: for how to resolve the issue.
2025-10-31 13:15:37 3048 [ERROR] InnoDB: Table cadastro_2dsm/tb_cad in the InnoDB data dictionary has tablespace id 26, but tablespace with that id or name does not exist. Have you deleted or moved .ibd files? This may also be a table created with CREATE TEMPORARY TABLE whose .ibd and .frm files MySQL automatically removed, but the table still exists in the InnoDB internal data dictionary.
InnoDB: Please refer to
InnoDB: http://dev.mysql.com/doc/refman/5.6/en/innodb-troubleshooting-datadict.html
InnoDB: for how to resolve the issue.
2025-10-31 13:15:37 3048 [ERROR] InnoDB: Table cadastro_2dsm/tb_cadastro in the InnoDB data dictionary has tablespace id 20, but tablespace with that id or name does not exist. Have you deleted or moved .ibd files? This may also be a table created with CREATE TEMPORARY TABLE whose .ibd and .frm files MySQL automatically removed, but the table still exists in the InnoDB internal data dictionary.
InnoDB: Please refer to
InnoDB: http://dev.mysql.com/doc/refman/5.6/en/innodb-troubleshooting-datadict.html
InnoDB: for how to resolve the issue.
2025-10-31 13:15:37 3048 [ERROR] InnoDB: Table cadastro_adsva4/tb_cadastro in the InnoDB data dictionary has tablespace id 17, but tablespace with that id or name does not exist. Have you deleted or moved .ibd files? This may also be a table created with CREATE TEMPORARY TABLE whose .ibd and .frm files MySQL automatically removed, but the table still exists in the InnoDB internal data dictionary.
InnoDB: Please refer to
InnoDB: http://dev.mysql.com/doc/refman/5.6/en/innodb-troubleshooting-datadict.html
InnoDB: for how to resolve the issue.
2025-10-31 13:15:37 3048 [ERROR] InnoDB: Table cadastro_clientes/tb_cadastro in the InnoDB data dictionary has tablespace id 29, but tablespace with that id or name does not exist. Have you deleted or moved .ibd files? This may also be a table created with CREATE TEMPORARY TABLE whose .ibd and .frm files MySQL automatically removed, but the table still exists in the InnoDB internal data dictionary.
InnoDB: Please refer to
InnoDB: http://dev.mysql.com/doc/refman/5.6/en/innodb-troubleshooting-datadict.html
InnoDB: for how to resolve the issue.
2025-10-31 13:15:37 3048 [ERROR] InnoDB: Table cadastro_clientes/tb_clientes in the InnoDB data dictionary has tablespace id 23, but tablespace with that id or name does not exist. Have you deleted or moved .ibd files? This may also be a table created with CREATE TEMPORARY TABLE whose .ibd and .frm files MySQL automatically removed, but the table still exists in the InnoDB internal data dictionary.
InnoDB: Please refer to
InnoDB: http://dev.mysql.com/doc/refman/5.6/en/innodb-troubleshooting-datadict.html
InnoDB: for how to resolve the issue.
2025-10-31 13:15:37 3048 [ERROR] InnoDB: Table cadastro_clientes_adsva2/tb_clientes in the InnoDB data dictionary has tablespace id 30, but tablespace with that id or name does not exist. Have you deleted or moved .ibd files? This may also be a table created with CREATE TEMPORARY TABLE whose .ibd and .frm files MySQL automatically removed, but the table still exists in the InnoDB internal data dictionary.
InnoDB: Please refer to
InnoDB: http://dev.mysql.com/doc/refman/5.6/en/innodb-troubleshooting-datadict.html
InnoDB: for how to resolve the issue.
2025-10-31 13:15:37 3048 [ERROR] InnoDB: Table cadastro_contas/tb_login in the InnoDB data dictionary has tablespace id 27, but tablespace with that id or name does not exist. Have you deleted or moved .ibd files? This may also be a table created with CREATE TEMPORARY TABLE whose .ibd and .frm files MySQL automatically removed, but the table still exists in the InnoDB internal data dictionary.
InnoDB: Please refer to
InnoDB: http://dev.mysql.com/doc/refman/5.6/en/innodb-troubleshooting-datadict.html
InnoDB: for how to resolve the issue.
2025-10-31 13:15:37 3048 [ERROR] InnoDB: Table cadastro_dsm/tb_login in the InnoDB data dictionary has tablespace id 19, but tablespace with that id or name does not exist. Have you deleted or moved .ibd files? This may also be a table created with CREATE TEMPORARY TABLE whose .ibd and .frm files MySQL automatically removed, but the table still exists in the InnoDB internal data dictionary.
InnoDB: Please refer to
InnoDB: http://dev.mysql.com/doc/refman/5.6/en/innodb-troubleshooting-datadict.html
InnoDB: for how to resolve the issue.
2025-10-31 13:15:37 3048 [ERROR] InnoDB: Table cadastro_produtos/cad_produto in the InnoDB data dictionary has tablespace id 24, but tablespace with that id or name does not exist. Have you deleted or moved .ibd files? This may also be a table created with CREATE TEMPORARY TABLE whose .ibd and .frm files MySQL automatically removed, but the table still exists in the InnoDB internal data dictionary.
InnoDB: Please refer to
InnoDB: http://dev.mysql.com/doc/refman/5.6/en/innodb-troubleshooting-datadict.html
InnoDB: for how to resolve the issue.
2025-10-31 13:15:37 3048 [ERROR] InnoDB: Table cliente/fornecedor in the InnoDB data dictionary has tablespace id 8, but tablespace with that id or name does not exist. Have you deleted or moved .ibd files? This may also be a table created with CREATE TEMPORARY TABLE whose .ibd and .frm files MySQL automatically removed, but the table still exists in the InnoDB internal data dictionary.
InnoDB: Please refer to
InnoDB: http://dev.mysql.com/doc/refman/5.6/en/innodb-troubleshooting-datadict.html
InnoDB: for how to resolve the issue.
2025-10-31 13:15:37 3048 [ERROR] InnoDB: Table cliente/funcionario in the InnoDB data dictionary has tablespace id 13, but tablespace with that id or name does not exist. Have you deleted or moved .ibd files? This may also be a table created with CREATE TEMPORARY TABLE whose .ibd and .frm files MySQL automatically removed, but the table still exists in the InnoDB internal data dictionary.
InnoDB: Please refer to
InnoDB: http://dev.mysql.com/doc/refman/5.6/en/innodb-troubleshooting-datadict.html
InnoDB: for how to resolve the issue.
2025-10-31 13:15:37 3048 [ERROR] InnoDB: Table cliente/produto in the InnoDB data dictionary has tablespace id 12, but tablespace with that id or name does not exist. Have you deleted or moved .ibd files? This may also be a table created with CREATE TEMPORARY TABLE whose .ibd and .frm files MySQL automatically removed, but the table still exists in the InnoDB internal data dictionary.
InnoDB: Please refer to
InnoDB: http://dev.mysql.com/doc/refman/5.6/en/innodb-troubleshooting-datadict.html
InnoDB: for how to resolve the issue.
2025-10-31 13:15:37 3048 [ERROR] InnoDB: Table cliente/vendas in the InnoDB data dictionary has tablespace id 11, but tablespace with that id or name does not exist. Have you deleted or moved .ibd files? This may also be a table created with CREATE TEMPORARY TABLE whose .ibd and .frm files MySQL automatically removed, but the table still exists in the InnoDB internal data dictionary.
InnoDB: Please refer to
InnoDB: http://dev.mysql.com/doc/refman/5.6/en/innodb-troubleshooting-datadict.html
InnoDB: for how to resolve the issue.
2025-10-31 13:15:37 3048 [ERROR] InnoDB: Table cliente1/alunos in the InnoDB data dictionary has tablespace id 14, but tablespace with that id or name does not exist. Have you deleted or moved .ibd files? This may also be a table created with CREATE TEMPORARY TABLE whose .ibd and .frm files MySQL automatically removed, but the table still exists in the InnoDB internal data dictionary.
InnoDB: Please refer to
InnoDB: http://dev.mysql.com/doc/refman/5.6/en/innodb-troubleshooting-datadict.html
InnoDB: for how to resolve the issue.
2025-10-31 13:15:37 3048 [ERROR] InnoDB: Table dsm_cadastro/tb_cadastro in the InnoDB data dictionary has tablespace id 21, but tablespace with that id or name does not exist. Have you deleted or moved .ibd files? This may also be a table created with CREATE TEMPORARY TABLE whose .ibd and .frm files MySQL automatically removed, but the table still exists in the InnoDB internal data dictionary.
InnoDB: Please refer to
InnoDB: http://dev.mysql.com/doc/refman/5.6/en/innodb-troubleshooting-datadict.html
InnoDB: for how to resolve the issue.
2025-10-31 13:15:37 3048 [ERROR] InnoDB: Table escola/alunos in the InnoDB data dictionary has tablespace id 15, but tablespace with that id or name does not exist. Have you deleted or moved .ibd files? This may also be a table created with CREATE TEMPORARY TABLE whose .ibd and .frm files MySQL automatically removed, but the table still exists in the InnoDB internal data dictionary.
InnoDB: Please refer to
InnoDB: http://dev.mysql.com/doc/refman/5.6/en/innodb-troubleshooting-datadict.html
InnoDB: for how to resolve the issue.
2025-10-31 13:15:37 3048 [ERROR] InnoDB: Table escola/funcionarios in the InnoDB data dictionary has tablespace id 16, but tablespace with that id or name does not exist. Have you deleted or moved .ibd files? This may also be a table created with CREATE TEMPORARY TABLE whose .ibd and .frm files MySQL automatically removed, but the table still exists in the InnoDB internal data dictionary.
InnoDB: Please refer to
InnoDB: http://dev.mysql.com/doc/refman/5.6/en/innodb-troubleshooting-datadict.html
InnoDB: for how to resolve the issue.
2025-10-31 13:15:37 3048 [ERROR] InnoDB: Table israel/tb_israel in the InnoDB data dictionary has tablespace id 22, but tablespace with that id or name does not exist. Have you deleted or moved .ibd files? This may also be a table created with CREATE TEMPORARY TABLE whose .ibd and .frm files MySQL automatically removed, but the table still exists in the InnoDB internal data dictionary.
InnoDB: Please refer to
InnoDB: http://dev.mysql.com/doc/refman/5.6/en/innodb-troubleshooting-datadict.html
InnoDB: for how to resolve the issue.
2025-10-31 13:15:37 3048 [ERROR] InnoDB: Table login/tb_login in the InnoDB data dictionary has tablespace id 31, but tablespace with that id or name does not exist. Have you deleted or moved .ibd files? This may also be a table created with CREATE TEMPORARY TABLE whose .ibd and .frm files MySQL automatically removed, but the table still exists in the InnoDB internal data dictionary.
InnoDB: Please refer to
InnoDB: http://dev.mysql.com/doc/refman/5.6/en/innodb-troubleshooting-datadict.html
InnoDB: for how to resolve the issue.
2025-10-31 13:15:37 3048 [Note] InnoDB: 128 rollback segment(s) are active.
2025-10-31 13:15:37 3048 [Note] InnoDB: Waiting for purge to start
2025-10-31 13:15:37 3048 [ERROR] InnoDB: Failed to find tablespace for table '"login"."tb_login"' in the cache. Attempting to load the tablespace with space id 31.
2025-10-31 13:15:37 2a50  InnoDB: Operating system error number 3 in a file operation.
InnoDB: The error means the system cannot find the path specified.
2025-10-31 13:15:37 3048 [ERROR] InnoDB: Could not find a valid tablespace file for 'login/tb_login'. See http://dev.mysql.com/doc/refman/5.6/en/innodb-troubleshooting-datadict.html for how to resolve the issue.
2025-10-31 13:15:37 3048 [ERROR] InnoDB: Failed to find tablespace for table '"cadastro_clientes"."tb_cadastro"' in the cache. Attempting to load the tablespace with space id 29.
2025-10-31 13:15:37 2a50  InnoDB: Operating system error number 3 in a file operation.
InnoDB: The error means the system cannot find the path specified.
2025-10-31 13:15:37 3048 [ERROR] InnoDB: Could not find a valid tablespace file for 'cadastro_clientes/tb_cadastro'. See http://dev.mysql.com/doc/refman/5.6/en/innodb-troubleshooting-datadict.html for how to resolve the issue.
2025-10-31 13:15:37 3048 [ERROR] InnoDB: Failed to find tablespace for table '"cad_clientes"."tb_clientes"' in the cache. Attempting to load the tablespace with space id 28.
2025-10-31 13:15:37 2a50  InnoDB: Operating system error number 3 in a file operation.
InnoDB: The error means the system cannot find the path specified.
2025-10-31 13:15:37 3048 [ERROR] InnoDB: Could not find a valid tablespace file for 'cad_clientes/tb_clientes'. See http://dev.mysql.com/doc/refman/5.6/en/innodb-troubleshooting-datadict.html for how to resolve the issue.
2025-10-31 13:15:37 3048 [ERROR] InnoDB: Failed to find tablespace for table '"cadastro_contas"."tb_login"' in the cache. Attempting to load the tablespace with space id 27.
2025-10-31 13:15:37 2a50  InnoDB: Operating system error number 3 in a file operation.
InnoDB: The error means the system cannot find the path specified.
2025-10-31 13:15:37 3048 [ERROR] InnoDB: Could not find a valid tablespace file for 'cadastro_contas/tb_login'. See http://dev.mysql.com/doc/refman/5.6/en/innodb-troubleshooting-datadict.html for how to resolve the issue.
2025-10-31 13:15:37 3048 [ERROR] InnoDB: Failed to find tablespace for table '"cadastro_dsm"."tb_login"' in the cache. Attempting to load the tablespace with space id 19.
2025-10-31 13:15:37 2a50  InnoDB: Operating system error number 3 in a file operation.
InnoDB: The error means the system cannot find the path specified.
2025-10-31 13:15:37 3048 [ERROR] InnoDB: Could not find a valid tablespace file for 'cadastro_dsm/tb_login'. See http://dev.mysql.com/doc/refman/5.6/en/innodb-troubleshooting-datadict.html for how to resolve the issue.
2025-10-31 13:15:37 3048 [ERROR] InnoDB: Failed to find tablespace for table '"cadastro_adsva4"."tb_cadastro"' in the cache. Attempting to load the tablespace with space id 17.
2025-10-31 13:15:37 2a50  InnoDB: Operating system error number 3 in a file operation.
InnoDB: The error means the system cannot find the path specified.
2025-10-31 13:15:37 3048 [ERROR] InnoDB: Could not find a valid tablespace file for 'cadastro_adsva4/tb_cadastro'. See http://dev.mysql.com/doc/refman/5.6/en/innodb-troubleshooting-datadict.html for how to resolve the issue.
2025-10-31 13:15:37 3048 [Note] InnoDB: 5.6.13 started; log sequence number 1977524
2025-10-31 13:15:37 3048 [Note] Server hostname (bind-address): '*'; port: 3307
2025-10-31 13:15:37 3048 [Note] IPv6 is available.
2025-10-31 13:15:37 3048 [Note]   - '::' resolves to '::';
2025-10-31 13:15:37 3048 [Note] Server socket created on IP: '::'.
2025-10-31 13:16:49 11548 [Note] Plugin 'FEDERATED' is disabled.
2025-10-31 13:16:49 11548 [Note] InnoDB: The InnoDB memory heap is disabled
2025-10-31 13:16:49 11548 [Note] InnoDB: Mutexes and rw_locks use Windows interlocked functions
2025-10-31 13:16:49 11548 [Note] InnoDB: Compressed tables use zlib 1.2.3
2025-10-31 13:16:49 11548 [Note] InnoDB: Not using CPU crc32 instructions
2025-10-31 13:16:49 11548 [Note] InnoDB: Initializing buffer pool, size = 128.0M
2025-10-31 13:16:49 11548 [Note] InnoDB: Completed initialization of buffer pool
2025-10-31 13:16:49 11548 [Note] InnoDB: Highest supported file format is Barracuda.
2025-10-31 13:16:49 11548 [Note] InnoDB: The log sequence numbers 1626134 and 1626134 in ibdata files do not match the log sequence number 1977524 in the ib_logfiles!
2025-10-31 13:16:49 11548 [Note] InnoDB: Database was not shutdown normally!
2025-10-31 13:16:49 11548 [Note] InnoDB: Starting crash recovery.
2025-10-31 13:16:49 11548 [Note] InnoDB: Reading tablespace information from the .ibd files...
2025-10-31 13:16:50 11548 [Note] InnoDB: Restoring possible half-written data pages 
2025-10-31 13:16:50 11548 [Note] InnoDB: from the doublewrite buffer...
2025-10-31 13:16:50 11548 [ERROR] InnoDB: Table aula1/alunos in the InnoDB data dictionary has tablespace id 10, but tablespace with that id or name does not exist. Have you deleted or moved .ibd files? This may also be a table created with CREATE TEMPORARY TABLE whose .ibd and .frm files MySQL automatically removed, but the table still exists in the InnoDB internal data dictionary.
InnoDB: Please refer to
InnoDB: http://dev.mysql.com/doc/refman/5.6/en/innodb-troubleshooting-datadict.html
InnoDB: for how to resolve the issue.
2025-10-31 13:16:50 11548 [ERROR] InnoDB: Table cad_clientes/tb_clientes in the InnoDB data dictionary has tablespace id 28, but tablespace with that id or name does not exist. Have you deleted or moved .ibd files? This may also be a table created with CREATE TEMPORARY TABLE whose .ibd and .frm files MySQL automatically removed, but the table still exists in the InnoDB internal data dictionary.
InnoDB: Please refer to
InnoDB: http://dev.mysql.com/doc/refman/5.6/en/innodb-troubleshooting-datadict.html
InnoDB: for how to resolve the issue.
2025-10-31 13:16:50 11548 [ERROR] InnoDB: Table cadastro_2dsm/tb_cad in the InnoDB data dictionary has tablespace id 26, but tablespace with that id or name does not exist. Have you deleted or moved .ibd files? This may also be a table created with CREATE TEMPORARY TABLE whose .ibd and .frm files MySQL automatically removed, but the table still exists in the InnoDB internal data dictionary.
InnoDB: Please refer to
InnoDB: http://dev.mysql.com/doc/refman/5.6/en/innodb-troubleshooting-datadict.html
InnoDB: for how to resolve the issue.
2025-10-31 13:16:50 11548 [ERROR] InnoDB: Table cadastro_2dsm/tb_cadastro in the InnoDB data dictionary has tablespace id 20, but tablespace with that id or name does not exist. Have you deleted or moved .ibd files? This may also be a table created with CREATE TEMPORARY TABLE whose .ibd and .frm files MySQL automatically removed, but the table still exists in the InnoDB internal data dictionary.
InnoDB: Please refer to
InnoDB: http://dev.mysql.com/doc/refman/5.6/en/innodb-troubleshooting-datadict.html
InnoDB: for how to resolve the issue.
2025-10-31 13:16:50 11548 [ERROR] InnoDB: Table cadastro_adsva4/tb_cadastro in the InnoDB data dictionary has tablespace id 17, but tablespace with that id or name does not exist. Have you deleted or moved .ibd files? This may also be a table created with CREATE TEMPORARY TABLE whose .ibd and .frm files MySQL automatically removed, but the table still exists in the InnoDB internal data dictionary.
InnoDB: Please refer to
InnoDB: http://dev.mysql.com/doc/refman/5.6/en/innodb-troubleshooting-datadict.html
InnoDB: for how to resolve the issue.
2025-10-31 13:16:50 11548 [ERROR] InnoDB: Table cadastro_clientes/tb_cadastro in the InnoDB data dictionary has tablespace id 29, but tablespace with that id or name does not exist. Have you deleted or moved .ibd files? This may also be a table created with CREATE TEMPORARY TABLE whose .ibd and .frm files MySQL automatically removed, but the table still exists in the InnoDB internal data dictionary.
InnoDB: Please refer to
InnoDB: http://dev.mysql.com/doc/refman/5.6/en/innodb-troubleshooting-datadict.html
InnoDB: for how to resolve the issue.
2025-10-31 13:16:50 11548 [ERROR] InnoDB: Table cadastro_clientes/tb_clientes in the InnoDB data dictionary has tablespace id 23, but tablespace with that id or name does not exist. Have you deleted or moved .ibd files? This may also be a table created with CREATE TEMPORARY TABLE whose .ibd and .frm files MySQL automatically removed, but the table still exists in the InnoDB internal data dictionary.
InnoDB: Please refer to
InnoDB: http://dev.mysql.com/doc/refman/5.6/en/innodb-troubleshooting-datadict.html
InnoDB: for how to resolve the issue.
2025-10-31 13:16:50 11548 [ERROR] InnoDB: Table cadastro_clientes_adsva2/tb_clientes in the InnoDB data dictionary has tablespace id 30, but tablespace with that id or name does not exist. Have you deleted or moved .ibd files? This may also be a table created with CREATE TEMPORARY TABLE whose .ibd and .frm files MySQL automatically removed, but the table still exists in the InnoDB internal data dictionary.
InnoDB: Please refer to
InnoDB: http://dev.mysql.com/doc/refman/5.6/en/innodb-troubleshooting-datadict.html
InnoDB: for how to resolve the issue.
2025-10-31 13:16:50 11548 [ERROR] InnoDB: Table cadastro_contas/tb_login in the InnoDB data dictionary has tablespace id 27, but tablespace with that id or name does not exist. Have you deleted or moved .ibd files? This may also be a table created with CREATE TEMPORARY TABLE whose .ibd and .frm files MySQL automatically removed, but the table still exists in the InnoDB internal data dictionary.
InnoDB: Please refer to
InnoDB: http://dev.mysql.com/doc/refman/5.6/en/innodb-troubleshooting-datadict.html
InnoDB: for how to resolve the issue.
2025-10-31 13:16:50 11548 [ERROR] InnoDB: Table cadastro_dsm/tb_login in the InnoDB data dictionary has tablespace id 19, but tablespace with that id or name does not exist. Have you deleted or moved .ibd files? This may also be a table created with CREATE TEMPORARY TABLE whose .ibd and .frm files MySQL automatically removed, but the table still exists in the InnoDB internal data dictionary.
InnoDB: Please refer to
InnoDB: http://dev.mysql.com/doc/refman/5.6/en/innodb-troubleshooting-datadict.html
InnoDB: for how to resolve the issue.
2025-10-31 13:16:50 11548 [ERROR] InnoDB: Table cadastro_produtos/cad_produto in the InnoDB data dictionary has tablespace id 24, but tablespace with that id or name does not exist. Have you deleted or moved .ibd files? This may also be a table created with CREATE TEMPORARY TABLE whose .ibd and .frm files MySQL automatically removed, but the table still exists in the InnoDB internal data dictionary.
InnoDB: Please refer to
InnoDB: http://dev.mysql.com/doc/refman/5.6/en/innodb-troubleshooting-datadict.html
InnoDB: for how to resolve the issue.
2025-10-31 13:16:50 11548 [ERROR] InnoDB: Table cliente/fornecedor in the InnoDB data dictionary has tablespace id 8, but tablespace with that id or name does not exist. Have you deleted or moved .ibd files? This may also be a table created with CREATE TEMPORARY TABLE whose .ibd and .frm files MySQL automatically removed, but the table still exists in the InnoDB internal data dictionary.
InnoDB: Please refer to
InnoDB: http://dev.mysql.com/doc/refman/5.6/en/innodb-troubleshooting-datadict.html
InnoDB: for how to resolve the issue.
2025-10-31 13:16:50 11548 [ERROR] InnoDB: Table cliente/funcionario in the InnoDB data dictionary has tablespace id 13, but tablespace with that id or name does not exist. Have you deleted or moved .ibd files? This may also be a table created with CREATE TEMPORARY TABLE whose .ibd and .frm files MySQL automatically removed, but the table still exists in the InnoDB internal data dictionary.
InnoDB: Please refer to
InnoDB: http://dev.mysql.com/doc/refman/5.6/en/innodb-troubleshooting-datadict.html
InnoDB: for how to resolve the issue.
2025-10-31 13:16:50 11548 [ERROR] InnoDB: Table cliente/produto in the InnoDB data dictionary has tablespace id 12, but tablespace with that id or name does not exist. Have you deleted or moved .ibd files? This may also be a table created with CREATE TEMPORARY TABLE whose .ibd and .frm files MySQL automatically removed, but the table still exists in the InnoDB internal data dictionary.
InnoDB: Please refer to
InnoDB: http://dev.mysql.com/doc/refman/5.6/en/innodb-troubleshooting-datadict.html
InnoDB: for how to resolve the issue.
2025-10-31 13:16:50 11548 [ERROR] InnoDB: Table cliente/vendas in the InnoDB data dictionary has tablespace id 11, but tablespace with that id or name does not exist. Have you deleted or moved .ibd files? This may also be a table created with CREATE TEMPORARY TABLE whose .ibd and .frm files MySQL automatically removed, but the table still exists in the InnoDB internal data dictionary.
InnoDB: Please refer to
InnoDB: http://dev.mysql.com/doc/refman/5.6/en/innodb-troubleshooting-datadict.html
InnoDB: for how to resolve the issue.
2025-10-31 13:16:50 11548 [ERROR] InnoDB: Table cliente1/alunos in the InnoDB data dictionary has tablespace id 14, but tablespace with that id or name does not exist. Have you deleted or moved .ibd files? This may also be a table created with CREATE TEMPORARY TABLE whose .ibd and .frm files MySQL automatically removed, but the table still exists in the InnoDB internal data dictionary.
InnoDB: Please refer to
InnoDB: http://dev.mysql.com/doc/refman/5.6/en/innodb-troubleshooting-datadict.html
InnoDB: for how to resolve the issue.
2025-10-31 13:16:50 11548 [ERROR] InnoDB: Table dsm_cadastro/tb_cadastro in the InnoDB data dictionary has tablespace id 21, but tablespace with that id or name does not exist. Have you deleted or moved .ibd files? This may also be a table created with CREATE TEMPORARY TABLE whose .ibd and .frm files MySQL automatically removed, but the table still exists in the InnoDB internal data dictionary.
InnoDB: Please refer to
InnoDB: http://dev.mysql.com/doc/refman/5.6/en/innodb-troubleshooting-datadict.html
InnoDB: for how to resolve the issue.
2025-10-31 13:16:50 11548 [ERROR] InnoDB: Table escola/alunos in the InnoDB data dictionary has tablespace id 15, but tablespace with that id or name does not exist. Have you deleted or moved .ibd files? This may also be a table created with CREATE TEMPORARY TABLE whose .ibd and .frm files MySQL automatically removed, but the table still exists in the InnoDB internal data dictionary.
InnoDB: Please refer to
InnoDB: http://dev.mysql.com/doc/refman/5.6/en/innodb-troubleshooting-datadict.html
InnoDB: for how to resolve the issue.
2025-10-31 13:16:50 11548 [ERROR] InnoDB: Table escola/funcionarios in the InnoDB data dictionary has tablespace id 16, but tablespace with that id or name does not exist. Have you deleted or moved .ibd files? This may also be a table created with CREATE TEMPORARY TABLE whose .ibd and .frm files MySQL automatically removed, but the table still exists in the InnoDB internal data dictionary.
InnoDB: Please refer to
InnoDB: http://dev.mysql.com/doc/refman/5.6/en/innodb-troubleshooting-datadict.html
InnoDB: for how to resolve the issue.
2025-10-31 13:16:50 11548 [ERROR] InnoDB: Table israel/tb_israel in the InnoDB data dictionary has tablespace id 22, but tablespace with that id or name does not exist. Have you deleted or moved .ibd files? This may also be a table created with CREATE TEMPORARY TABLE whose .ibd and .frm files MySQL automatically removed, but the table still exists in the InnoDB internal data dictionary.
InnoDB: Please refer to
InnoDB: http://dev.mysql.com/doc/refman/5.6/en/innodb-troubleshooting-datadict.html
InnoDB: for how to resolve the issue.
2025-10-31 13:16:50 11548 [ERROR] InnoDB: Table login/tb_login in the InnoDB data dictionary has tablespace id 31, but tablespace with that id or name does not exist. Have you deleted or moved .ibd files? This may also be a table created with CREATE TEMPORARY TABLE whose .ibd and .frm files MySQL automatically removed, but the table still exists in the InnoDB internal data dictionary.
InnoDB: Please refer to
InnoDB: http://dev.mysql.com/doc/refman/5.6/en/innodb-troubleshooting-datadict.html
InnoDB: for how to resolve the issue.
2025-10-31 13:16:50 11548 [Note] InnoDB: 128 rollback segment(s) are active.
2025-10-31 13:16:50 11548 [Note] InnoDB: Waiting for purge to start
2025-10-31 13:16:50 11548 [ERROR] InnoDB: Failed to find tablespace for table '"login"."tb_login"' in the cache. Attempting to load the tablespace with space id 31.
2025-10-31 13:16:50 25a0  InnoDB: Operating system error number 3 in a file operation.
InnoDB: The error means the system cannot find the path specified.
2025-10-31 13:16:50 11548 [ERROR] InnoDB: Could not find a valid tablespace file for 'login/tb_login'. See http://dev.mysql.com/doc/refman/5.6/en/innodb-troubleshooting-datadict.html for how to resolve the issue.
2025-10-31 13:16:50 11548 [ERROR] InnoDB: Failed to find tablespace for table '"cadastro_clientes"."tb_cadastro"' in the cache. Attempting to load the tablespace with space id 29.
2025-10-31 13:16:50 25a0  InnoDB: Operating system error number 3 in a file operation.
InnoDB: The error means the system cannot find the path specified.
2025-10-31 13:16:50 11548 [ERROR] InnoDB: Could not find a valid tablespace file for 'cadastro_clientes/tb_cadastro'. See http://dev.mysql.com/doc/refman/5.6/en/innodb-troubleshooting-datadict.html for how to resolve the issue.
2025-10-31 13:16:50 11548 [ERROR] InnoDB: Failed to find tablespace for table '"cad_clientes"."tb_clientes"' in the cache. Attempting to load the tablespace with space id 28.
2025-10-31 13:16:50 25a0  InnoDB: Operating system error number 3 in a file operation.
InnoDB: The error means the system cannot find the path specified.
2025-10-31 13:16:50 11548 [ERROR] InnoDB: Could not find a valid tablespace file for 'cad_clientes/tb_clientes'. See http://dev.mysql.com/doc/refman/5.6/en/innodb-troubleshooting-datadict.html for how to resolve the issue.
2025-10-31 13:16:50 11548 [ERROR] InnoDB: Failed to find tablespace for table '"cadastro_contas"."tb_login"' in the cache. Attempting to load the tablespace with space id 27.
2025-10-31 13:16:50 25a0  InnoDB: Operating system error number 3 in a file operation.
InnoDB: The error means the system cannot find the path specified.
2025-10-31 13:16:50 11548 [ERROR] InnoDB: Could not find a valid tablespace file for 'cadastro_contas/tb_login'. See http://dev.mysql.com/doc/refman/5.6/en/innodb-troubleshooting-datadict.html for how to resolve the issue.
2025-10-31 13:16:50 11548 [ERROR] InnoDB: Failed to find tablespace for table '"cadastro_dsm"."tb_login"' in the cache. Attempting to load the tablespace with space id 19.
2025-10-31 13:16:50 25a0  InnoDB: Operating system error number 3 in a file operation.
InnoDB: The error means the system cannot find the path specified.
2025-10-31 13:16:50 11548 [ERROR] InnoDB: Could not find a valid tablespace file for 'cadastro_dsm/tb_login'. See http://dev.mysql.com/doc/refman/5.6/en/innodb-troubleshooting-datadict.html for how to resolve the issue.
2025-10-31 13:16:51 11548 [ERROR] InnoDB: Failed to find tablespace for table '"cadastro_adsva4"."tb_cadastro"' in the cache. Attempting to load the tablespace with space id 17.
2025-10-31 13:16:51 25a0  InnoDB: Operating system error number 3 in a file operation.
InnoDB: The error means the system cannot find the path specified.
2025-10-31 13:16:51 11548 [ERROR] InnoDB: Could not find a valid tablespace file for 'cadastro_adsva4/tb_cadastro'. See http://dev.mysql.com/doc/refman/5.6/en/innodb-troubleshooting-datadict.html for how to resolve the issue.
2025-10-31 13:16:51 11548 [Note] InnoDB: 5.6.13 started; log sequence number 1977524
2025-10-31 13:16:51 11548 [Note] Server hostname (bind-address): '*'; port: 3307
2025-10-31 13:16:51 11548 [Note] IPv6 is available.
2025-10-31 13:16:51 11548 [Note]   - '::' resolves to '::';
2025-10-31 13:16:51 11548 [Note] Server socket created on IP: '::'.
2025-11-07 13:44:06 12172 [Note] Plugin 'FEDERATED' is disabled.
2025-11-07 13:44:07 12172 [Note] InnoDB: The InnoDB memory heap is disabled
2025-11-07 13:44:07 12172 [Note] InnoDB: Mutexes and rw_locks use Windows interlocked functions
2025-11-07 13:44:07 12172 [Note] InnoDB: Compressed tables use zlib 1.2.3
2025-11-07 13:44:07 12172 [Note] InnoDB: Not using CPU crc32 instructions
2025-11-07 13:44:07 12172 [Note] InnoDB: Initializing buffer pool, size = 128.0M
2025-11-07 13:44:07 12172 [Note] InnoDB: Completed initialization of buffer pool
2025-11-07 13:44:12 12172 [Note] InnoDB: Highest supported file format is Barracuda.
2025-11-07 13:44:12 12172 [Note] InnoDB: The log sequence numbers 1626134 and 1626134 in ibdata files do not match the log sequence number 2022139 in the ib_logfiles!
2025-11-07 13:44:12 12172 [Note] InnoDB: Database was not shutdown normally!
2025-11-07 13:44:12 12172 [Note] InnoDB: Starting crash recovery.
2025-11-07 13:44:12 12172 [Note] InnoDB: Reading tablespace information from the .ibd files...
2025-11-07 13:44:12 12172 [Note] InnoDB: Restoring possible half-written data pages 
2025-11-07 13:44:12 12172 [Note] InnoDB: from the doublewrite buffer...
2025-11-07 13:44:15 12172 [ERROR] InnoDB: Table aula1/alunos in the InnoDB data dictionary has tablespace id 10, but tablespace with that id or name does not exist. Have you deleted or moved .ibd files? This may also be a table created with CREATE TEMPORARY TABLE whose .ibd and .frm files MySQL automatically removed, but the table still exists in the InnoDB internal data dictionary.
InnoDB: Please refer to
InnoDB: http://dev.mysql.com/doc/refman/5.6/en/innodb-troubleshooting-datadict.html
InnoDB: for how to resolve the issue.
2025-11-07 13:44:15 12172 [ERROR] InnoDB: Table cad_clientes/tb_clientes in the InnoDB data dictionary has tablespace id 28, but tablespace with that id or name does not exist. Have you deleted or moved .ibd files? This may also be a table created with CREATE TEMPORARY TABLE whose .ibd and .frm files MySQL automatically removed, but the table still exists in the InnoDB internal data dictionary.
InnoDB: Please refer to
InnoDB: http://dev.mysql.com/doc/refman/5.6/en/innodb-troubleshooting-datadict.html
InnoDB: for how to resolve the issue.
2025-11-07 13:44:15 12172 [ERROR] InnoDB: Table cadastro_2dsm/tb_cad in the InnoDB data dictionary has tablespace id 26, but tablespace with that id or name does not exist. Have you deleted or moved .ibd files? This may also be a table created with CREATE TEMPORARY TABLE whose .ibd and .frm files MySQL automatically removed, but the table still exists in the InnoDB internal data dictionary.
InnoDB: Please refer to
InnoDB: http://dev.mysql.com/doc/refman/5.6/en/innodb-troubleshooting-datadict.html
InnoDB: for how to resolve the issue.
2025-11-07 13:44:15 12172 [ERROR] InnoDB: Table cadastro_2dsm/tb_cadastro in the InnoDB data dictionary has tablespace id 20, but tablespace with that id or name does not exist. Have you deleted or moved .ibd files? This may also be a table created with CREATE TEMPORARY TABLE whose .ibd and .frm files MySQL automatically removed, but the table still exists in the InnoDB internal data dictionary.
InnoDB: Please refer to
InnoDB: http://dev.mysql.com/doc/refman/5.6/en/innodb-troubleshooting-datadict.html
InnoDB: for how to resolve the issue.
2025-11-07 13:44:15 12172 [ERROR] InnoDB: Table cadastro_adsva4/tb_cadastro in the InnoDB data dictionary has tablespace id 17, but tablespace with that id or name does not exist. Have you deleted or moved .ibd files? This may also be a table created with CREATE TEMPORARY TABLE whose .ibd and .frm files MySQL automatically removed, but the table still exists in the InnoDB internal data dictionary.
InnoDB: Please refer to
InnoDB: http://dev.mysql.com/doc/refman/5.6/en/innodb-troubleshooting-datadict.html
InnoDB: for how to resolve the issue.
2025-11-07 13:44:15 12172 [ERROR] InnoDB: Table cadastro_clientes/tb_cadastro in the InnoDB data dictionary has tablespace id 29, but tablespace with that id or name does not exist. Have you deleted or moved .ibd files? This may also be a table created with CREATE TEMPORARY TABLE whose .ibd and .frm files MySQL automatically removed, but the table still exists in the InnoDB internal data dictionary.
InnoDB: Please refer to
InnoDB: http://dev.mysql.com/doc/refman/5.6/en/innodb-troubleshooting-datadict.html
InnoDB: for how to resolve the issue.
2025-11-07 13:44:15 12172 [ERROR] InnoDB: Table cadastro_clientes/tb_clientes in the InnoDB data dictionary has tablespace id 23, but tablespace with that id or name does not exist. Have you deleted or moved .ibd files? This may also be a table created with CREATE TEMPORARY TABLE whose .ibd and .frm files MySQL automatically removed, but the table still exists in the InnoDB internal data dictionary.
InnoDB: Please refer to
InnoDB: http://dev.mysql.com/doc/refman/5.6/en/innodb-troubleshooting-datadict.html
InnoDB: for how to resolve the issue.
2025-11-07 13:44:15 12172 [ERROR] InnoDB: Table cadastro_clientes_adsva2/tb_clientes in the InnoDB data dictionary has tablespace id 30, but tablespace with that id or name does not exist. Have you deleted or moved .ibd files? This may also be a table created with CREATE TEMPORARY TABLE whose .ibd and .frm files MySQL automatically removed, but the table still exists in the InnoDB internal data dictionary.
InnoDB: Please refer to
InnoDB: http://dev.mysql.com/doc/refman/5.6/en/innodb-troubleshooting-datadict.html
InnoDB: for how to resolve the issue.
2025-11-07 13:44:15 12172 [ERROR] InnoDB: Table cadastro_contas/tb_login in the InnoDB data dictionary has tablespace id 27, but tablespace with that id or name does not exist. Have you deleted or moved .ibd files? This may also be a table created with CREATE TEMPORARY TABLE whose .ibd and .frm files MySQL automatically removed, but the table still exists in the InnoDB internal data dictionary.
InnoDB: Please refer to
InnoDB: http://dev.mysql.com/doc/refman/5.6/en/innodb-troubleshooting-datadict.html
InnoDB: for how to resolve the issue.
2025-11-07 13:44:15 12172 [ERROR] InnoDB: Table cadastro_dsm/tb_login in the InnoDB data dictionary has tablespace id 19, but tablespace with that id or name does not exist. Have you deleted or moved .ibd files? This may also be a table created with CREATE TEMPORARY TABLE whose .ibd and .frm files MySQL automatically removed, but the table still exists in the InnoDB internal data dictionary.
InnoDB: Please refer to
InnoDB: http://dev.mysql.com/doc/refman/5.6/en/innodb-troubleshooting-datadict.html
InnoDB: for how to resolve the issue.
2025-11-07 13:44:15 12172 [ERROR] InnoDB: Table cadastro_produtos/cad_produto in the InnoDB data dictionary has tablespace id 24, but tablespace with that id or name does not exist. Have you deleted or moved .ibd files? This may also be a table created with CREATE TEMPORARY TABLE whose .ibd and .frm files MySQL automatically removed, but the table still exists in the InnoDB internal data dictionary.
InnoDB: Please refer to
InnoDB: http://dev.mysql.com/doc/refman/5.6/en/innodb-troubleshooting-datadict.html
InnoDB: for how to resolve the issue.
2025-11-07 13:44:15 12172 [ERROR] InnoDB: Table cliente/fornecedor in the InnoDB data dictionary has tablespace id 8, but tablespace with that id or name does not exist. Have you deleted or moved .ibd files? This may also be a table created with CREATE TEMPORARY TABLE whose .ibd and .frm files MySQL automatically removed, but the table still exists in the InnoDB internal data dictionary.
InnoDB: Please refer to
InnoDB: http://dev.mysql.com/doc/refman/5.6/en/innodb-troubleshooting-datadict.html
InnoDB: for how to resolve the issue.
2025-11-07 13:44:15 12172 [ERROR] InnoDB: Table cliente/funcionario in the InnoDB data dictionary has tablespace id 13, but tablespace with that id or name does not exist. Have you deleted or moved .ibd files? This may also be a table created with CREATE TEMPORARY TABLE whose .ibd and .frm files MySQL automatically removed, but the table still exists in the InnoDB internal data dictionary.
InnoDB: Please refer to
InnoDB: http://dev.mysql.com/doc/refman/5.6/en/innodb-troubleshooting-datadict.html
InnoDB: for how to resolve the issue.
2025-11-07 13:44:15 12172 [ERROR] InnoDB: Table cliente/produto in the InnoDB data dictionary has tablespace id 12, but tablespace with that id or name does not exist. Have you deleted or moved .ibd files? This may also be a table created with CREATE TEMPORARY TABLE whose .ibd and .frm files MySQL automatically removed, but the table still exists in the InnoDB internal data dictionary.
InnoDB: Please refer to
InnoDB: http://dev.mysql.com/doc/refman/5.6/en/innodb-troubleshooting-datadict.html
InnoDB: for how to resolve the issue.
2025-11-07 13:44:15 12172 [ERROR] InnoDB: Table cliente/vendas in the InnoDB data dictionary has tablespace id 11, but tablespace with that id or name does not exist. Have you deleted or moved .ibd files? This may also be a table created with CREATE TEMPORARY TABLE whose .ibd and .frm files MySQL automatically removed, but the table still exists in the InnoDB internal data dictionary.
InnoDB: Please refer to
InnoDB: http://dev.mysql.com/doc/refman/5.6/en/innodb-troubleshooting-datadict.html
InnoDB: for how to resolve the issue.
2025-11-07 13:44:15 12172 [ERROR] InnoDB: Table cliente1/alunos in the InnoDB data dictionary has tablespace id 14, but tablespace with that id or name does not exist. Have you deleted or moved .ibd files? This may also be a table created with CREATE TEMPORARY TABLE whose .ibd and .frm files MySQL automatically removed, but the table still exists in the InnoDB internal data dictionary.
InnoDB: Please refer to
InnoDB: http://dev.mysql.com/doc/refman/5.6/en/innodb-troubleshooting-datadict.html
InnoDB: for how to resolve the issue.
2025-11-07 13:44:15 12172 [ERROR] InnoDB: Table dsm_cadastro/tb_cadastro in the InnoDB data dictionary has tablespace id 21, but tablespace with that id or name does not exist. Have you deleted or moved .ibd files? This may also be a table created with CREATE TEMPORARY TABLE whose .ibd and .frm files MySQL automatically removed, but the table still exists in the InnoDB internal data dictionary.
InnoDB: Please refer to
InnoDB: http://dev.mysql.com/doc/refman/5.6/en/innodb-troubleshooting-datadict.html
InnoDB: for how to resolve the issue.
2025-11-07 13:44:15 12172 [ERROR] InnoDB: Table escola/alunos in the InnoDB data dictionary has tablespace id 15, but tablespace with that id or name does not exist. Have you deleted or moved .ibd files? This may also be a table created with CREATE TEMPORARY TABLE whose .ibd and .frm files MySQL automatically removed, but the table still exists in the InnoDB internal data dictionary.
InnoDB: Please refer to
InnoDB: http://dev.mysql.com/doc/refman/5.6/en/innodb-troubleshooting-datadict.html
InnoDB: for how to resolve the issue.
2025-11-07 13:44:15 12172 [ERROR] InnoDB: Table escola/funcionarios in the InnoDB data dictionary has tablespace id 16, but tablespace with that id or name does not exist. Have you deleted or moved .ibd files? This may also be a table created with CREATE TEMPORARY TABLE whose .ibd and .frm files MySQL automatically removed, but the table still exists in the InnoDB internal data dictionary.
InnoDB: Please refer to
InnoDB: http://dev.mysql.com/doc/refman/5.6/en/innodb-troubleshooting-datadict.html
InnoDB: for how to resolve the issue.
2025-11-07 13:44:15 12172 [ERROR] InnoDB: Table israel/tb_israel in the InnoDB data dictionary has tablespace id 22, but tablespace with that id or name does not exist. Have you deleted or moved .ibd files? This may also be a table created with CREATE TEMPORARY TABLE whose .ibd and .frm files MySQL automatically removed, but the table still exists in the InnoDB internal data dictionary.
InnoDB: Please refer to
InnoDB: http://dev.mysql.com/doc/refman/5.6/en/innodb-troubleshooting-datadict.html
InnoDB: for how to resolve the issue.
2025-11-07 13:44:15 12172 [ERROR] InnoDB: Table login/tb_login in the InnoDB data dictionary has tablespace id 31, but tablespace with that id or name does not exist. Have you deleted or moved .ibd files? This may also be a table created with CREATE TEMPORARY TABLE whose .ibd and .frm files MySQL automatically removed, but the table still exists in the InnoDB internal data dictionary.
InnoDB: Please refer to
InnoDB: http://dev.mysql.com/doc/refman/5.6/en/innodb-troubleshooting-datadict.html
InnoDB: for how to resolve the issue.
2025-11-07 13:44:15 12172 [Note] InnoDB: 128 rollback segment(s) are active.
2025-11-07 13:44:15 12172 [Note] InnoDB: Waiting for purge to start
2025-11-07 13:44:15 12172 [ERROR] InnoDB: Failed to find tablespace for table '"login"."tb_login"' in the cache. Attempting to load the tablespace with space id 31.
2025-11-07 13:44:15 ea8  InnoDB: Operating system error number 3 in a file operation.
InnoDB: The error means the system cannot find the path specified.
2025-11-07 13:44:15 12172 [ERROR] InnoDB: Could not find a valid tablespace file for 'login/tb_login'. See http://dev.mysql.com/doc/refman/5.6/en/innodb-troubleshooting-datadict.html for how to resolve the issue.
2025-11-07 13:44:15 12172 [ERROR] InnoDB: Failed to find tablespace for table '"cadastro_clientes"."tb_cadastro"' in the cache. Attempting to load the tablespace with space id 29.
2025-11-07 13:44:15 ea8  InnoDB: Operating system error number 3 in a file operation.
InnoDB: The error means the system cannot find the path specified.
2025-11-07 13:44:15 12172 [ERROR] InnoDB: Could not find a valid tablespace file for 'cadastro_clientes/tb_cadastro'. See http://dev.mysql.com/doc/refman/5.6/en/innodb-troubleshooting-datadict.html for how to resolve the issue.
2025-11-07 13:44:15 12172 [ERROR] InnoDB: Failed to find tablespace for table '"cad_clientes"."tb_clientes"' in the cache. Attempting to load the tablespace with space id 28.
2025-11-07 13:44:15 ea8  InnoDB: Operating system error number 3 in a file operation.
InnoDB: The error means the system cannot find the path specified.
2025-11-07 13:44:15 12172 [ERROR] InnoDB: Could not find a valid tablespace file for 'cad_clientes/tb_clientes'. See http://dev.mysql.com/doc/refman/5.6/en/innodb-troubleshooting-datadict.html for how to resolve the issue.
2025-11-07 13:44:15 12172 [ERROR] InnoDB: Failed to find tablespace for table '"cadastro_contas"."tb_login"' in the cache. Attempting to load the tablespace with space id 27.
2025-11-07 13:44:15 ea8  InnoDB: Operating system error number 3 in a file operation.
InnoDB: The error means the system cannot find the path specified.
2025-11-07 13:44:15 12172 [ERROR] InnoDB: Could not find a valid tablespace file for 'cadastro_contas/tb_login'. See http://dev.mysql.com/doc/refman/5.6/en/innodb-troubleshooting-datadict.html for how to resolve the issue.
2025-11-07 13:44:15 12172 [ERROR] InnoDB: Failed to find tablespace for table '"cadastro_dsm"."tb_login"' in the cache. Attempting to load the tablespace with space id 19.
2025-11-07 13:44:15 ea8  InnoDB: Operating system error number 3 in a file operation.
InnoDB: The error means the system cannot find the path specified.
2025-11-07 13:44:15 12172 [ERROR] InnoDB: Could not find a valid tablespace file for 'cadastro_dsm/tb_login'. See http://dev.mysql.com/doc/refman/5.6/en/innodb-troubleshooting-datadict.html for how to resolve the issue.
2025-11-07 13:44:15 12172 [ERROR] InnoDB: Failed to find tablespace for table '"cadastro_adsva4"."tb_cadastro"' in the cache. Attempting to load the tablespace with space id 17.
2025-11-07 13:44:15 ea8  InnoDB: Operating system error number 3 in a file operation.
InnoDB: The error means the system cannot find the path specified.
2025-11-07 13:44:15 12172 [ERROR] InnoDB: Could not find a valid tablespace file for 'cadastro_adsva4/tb_cadastro'. See http://dev.mysql.com/doc/refman/5.6/en/innodb-troubleshooting-datadict.html for how to resolve the issue.
2025-11-07 13:44:15 12172 [Note] InnoDB: 5.6.13 started; log sequence number 2022139
2025-11-07 13:44:15 12172 [Note] Server hostname (bind-address): '*'; port: 3307
2025-11-07 13:44:15 12172 [Note] IPv6 is available.
2025-11-07 13:44:15 12172 [Note]   - '::' resolves to '::';
2025-11-07 13:44:15 12172 [Note] Server socket created on IP: '::'.
